method,sigma_true,sigma_ratio,relative_error_percent,N,mean_psnr,mean_ssim,mean_delta_psnr,std_delta_psnr,mean_delta_ssim,std_delta_ssim
hard_limit,10,0.8,-20,36,32.166490693582,0.901866797467947,-2.04491646699286,0.493765895651759,-0.0216241629360243,0.00912274242292
hard_limit,10,0.9,-10,36,33.7327253618702,0.92296106010045,-0.478681798704684,0.231812668334063,-0.000529900303521193,0.00347053694910797
hard_limit,10,1,0,36,34.2114071605749,0.923490960403971,0,0,0,0
hard_limit,10,1.1,10,36,34.2550463565298,0.920167289883353,0.0436391959549353,0.167752758988251,-0.00332367052061853,0.00253559908655575
hard_limit,10,1.2,20,36,34.057727174937,0.915120160355959,-0.153679985637884,0.244827795536099,-0.00837080004801194,0.00522087627454679
hard_limit,30,0.8,-20,36,27.8373325126569,0.816852232225968,-1.0574417285703,0.573924112242147,-0.00939068691161007,0.0144958092314622
hard_limit,30,0.9,-10,36,29.0661855713196,0.833008574883346,0.171411330092361,0.157601589790876,0.006765655745768,0.00414510528096002
hard_limit,30,1,0,36,28.8947742412272,0.826242919137578,0,0,0,0
hard_limit,30,1.1,10,36,28.5932849395197,0.818531693588899,-0.301489301707486,0.0650160114272725,-0.00771122554867863,0.0032694470190142
hard_limit,30,1.2,20,36,28.2920531355485,0.811403272096569,-0.602721105678669,0.114259812360927,-0.0148396470410092,0.00607374503466077
hard_limit,50,0.8,-20,36,26.3247630155204,0.763474416515247,0.000907572482428244,0.447842743365778,0.00600224298735742,0.0138959480208941
hard_limit,50,0.9,-10,36,26.6250409343899,0.766719035387081,0.301185491351926,0.0708826877537399,0.00924686185919067,0.00505473966057512
hard_limit,50,1,0,36,26.323855443038,0.75747217352789,0,0,0,0
hard_limit,50,1.1,10,36,26.0272303650735,0.749212552492953,-0.296625077964436,0.0507226424091886,-0.00825962103493643,0.00369105511913636
hard_limit,50,1.2,20,36,25.7569738297604,0.74207560470651,-0.566881613277536,0.102054580611585,-0.0153965688213799,0.00659747866994264
