image_index,image_name,sigma_true,seed_index,rng_seed,sigma_ratio,sigma_est,method,omega_normalized,psnr,ssim,time_seconds
1,01.png,10,1,20361928,0.8,8,hard_limit,NaN,32.126656391555,0.917133515284214,163.1503385
1,01.png,10,1,20361928,0.9,9,hard_limit,NaN,33.0323973576093,0.930473942006065,149.7904845
1,01.png,10,1,20361928,1,10,hard_limit,NaN,33.6363600241367,0.933815650627504,123.476539
1,01.png,10,1,20361928,1.1,11,hard_limit,NaN,33.9308370321112,0.931866702846956,123.4670348
1,01.png,10,1,20361928,1.2,12,hard_limit,NaN,33.5983915691521,0.921652666123071,122.8037429
1,01.png,10,2,20361929,0.8,8,hard_limit,NaN,32.0636710710685,0.914546078249043,123.0794978
1,01.png,10,2,20361929,0.9,9,hard_limit,NaN,33.082010946313,0.930621974453629,122.7765342
1,01.png,10,2,20361929,1,10,hard_limit,NaN,33.7002772124074,0.933620802870813,123.8367062
1,01.png,10,2,20361929,1.1,11,hard_limit,NaN,33.9423384461286,0.931007707972893,123.596316
1,01.png,10,2,20361929,1.2,12,hard_limit,NaN,33.4392807129,0.918569634133212,123.6298027
1,01.png,10,3,20361930,0.8,8,hard_limit,NaN,32.0450422396217,0.91519060615082,123.989838
1,01.png,10,3,20361930,0.9,9,hard_limit,NaN,33.0964061860427,0.931142472086776,123.422105
1,01.png,10,3,20361930,1,10,hard_limit,NaN,33.7261627847947,0.934715145844395,124.4686061
1,01.png,10,3,20361930,1.1,11,hard_limit,NaN,33.9817635839832,0.932448186631763,123.0933197
1,01.png,10,3,20361930,1.2,12,hard_limit,NaN,33.4847709894565,0.919713930881958,122.6082424
1,01.png,30,1,20363928,0.8,24,hard_limit,NaN,27.045758681373,0.804254452418226,132.1678127
1,01.png,30,1,20363928,0.9,27,hard_limit,NaN,28.2197904973778,0.82186873453708,131.9175827
1,01.png,30,1,20363928,1,30,hard_limit,NaN,28.2712842588465,0.82079426710697,132.4976642
1,01.png,30,1,20363928,1.1,33,hard_limit,NaN,28.0172911160513,0.817020494718057,134.0074067
1,01.png,30,1,20363928,1.2,36,hard_limit,NaN,27.718312578254,0.813336871916233,133.7359867
1,01.png,30,2,20363929,0.8,24,hard_limit,NaN,26.8855381804769,0.805795133730645,134.0581358
1,01.png,30,2,20363929,0.9,27,hard_limit,NaN,28.1588896103061,0.820673812908622,133.9473772
1,01.png,30,2,20363929,1,30,hard_limit,NaN,28.2040322106272,0.820370318987938,135.820046
1,01.png,30,2,20363929,1.1,33,hard_limit,NaN,27.9608628833511,0.817217421100473,133.3205799
1,01.png,30,2,20363929,1.2,36,hard_limit,NaN,27.6734222625829,0.813554688400211,133.9437797
1,01.png,30,3,20363930,0.8,24,hard_limit,NaN,27.211811069232,0.813891041120768,133.4582484
1,01.png,30,3,20363930,0.9,27,hard_limit,NaN,28.2533338538819,0.822299811047167,134.0805974
1,01.png,30,3,20363930,1,30,hard_limit,NaN,28.239381037271,0.819838929637909,133.5748936
1,01.png,30,3,20363930,1.1,33,hard_limit,NaN,28.0022148914338,0.816381232338499,133.9414995
1,01.png,30,3,20363930,1.2,36,hard_limit,NaN,27.7171313251737,0.812850824657237,133.4613225
1,01.png,50,1,20365928,0.8,40,hard_limit,NaN,25.3079272017614,0.75780788046596,266.2290439
1,01.png,50,1,20365928,0.9,45,hard_limit,NaN,26.10498396549,0.772754602778262,535.3198601
1,01.png,50,1,20365928,1,50,hard_limit,NaN,25.8236401022248,0.76941398660371,538.1000946
1,01.png,50,1,20365928,1.1,55,hard_limit,NaN,25.4655259510393,0.764413918776694,541.9719349
1,01.png,50,1,20365928,1.2,60,hard_limit,NaN,25.1285903271629,0.75904811394686,421.9886383
1,01.png,50,2,20365929,0.8,40,hard_limit,NaN,25.5323235488796,0.756278815983202,437.7604979
1,01.png,50,2,20365929,0.9,45,hard_limit,NaN,26.1323183325559,0.771893607181406,150.4191979
1,01.png,50,2,20365929,1,50,hard_limit,NaN,25.8345968519041,0.768447950744336,150.5080996
1,01.png,50,2,20365929,1.1,55,hard_limit,NaN,25.486504424066,0.763626478930925,152.5801452
1,01.png,50,2,20365929,1.2,60,hard_limit,NaN,25.1673478320126,0.758866229255342,150.5784274
1,01.png,50,3,20365930,0.8,40,hard_limit,NaN,25.6361471359673,0.764336168656267,150.6186728
1,01.png,50,3,20365930,0.9,45,hard_limit,NaN,26.2201812731256,0.77734735035529,150.2637272
1,01.png,50,3,20365930,1,50,hard_limit,NaN,25.9111123626018,0.774240096042727,150.5060128
1,01.png,50,3,20365930,1.1,55,hard_limit,NaN,25.5643097446017,0.769310574163441,149.7282907
1,01.png,50,3,20365930,1.2,60,hard_limit,NaN,25.2315723624713,0.764123899451618,148.0107492
2,02.png,10,1,20461928,0.8,8,hard_limit,NaN,34.9477729162811,0.917709810742164,163.1312168
2,02.png,10,1,20461928,0.9,9,hard_limit,NaN,36.8450084209981,0.927737486257425,149.6906403
2,02.png,10,1,20461928,1,10,hard_limit,NaN,36.6805065146968,0.919865872660228,123.5032816
2,02.png,10,1,20461928,1.1,11,hard_limit,NaN,36.4187104546373,0.913517532008995,123.9228254
2,02.png,10,1,20461928,1.2,12,hard_limit,NaN,36.1756669192011,0.908456786205287,123.0547244
2,02.png,10,2,20461929,0.8,8,hard_limit,NaN,34.8662319787133,0.915166620019423,123.2514518
2,02.png,10,2,20461929,0.9,9,hard_limit,NaN,36.6435877691586,0.923453708813062,122.9213859
2,02.png,10,2,20461929,1,10,hard_limit,NaN,36.4896605527251,0.914928990477141,124.0441387
2,02.png,10,2,20461929,1.1,11,hard_limit,NaN,36.2375268214591,0.909175873093854,124.3242743
2,02.png,10,2,20461929,1.2,12,hard_limit,NaN,36.0356186904175,0.905653771757178,124.2906567
2,02.png,10,3,20461930,0.8,8,hard_limit,NaN,35.0874488932719,0.919623037687583,124.0843985
2,02.png,10,3,20461930,0.9,9,hard_limit,NaN,36.7632216630217,0.926909817570964,123.818678
2,02.png,10,3,20461930,1,10,hard_limit,NaN,36.6502851488871,0.919805166620447,125.1431442
2,02.png,10,3,20461930,1.1,11,hard_limit,NaN,36.3786281804834,0.912442562976051,123.8236874
2,02.png,10,3,20461930,1.2,12,hard_limit,NaN,36.1272753578593,0.907583133330179,123.5891193
2,02.png,30,1,20463928,0.8,24,hard_limit,NaN,31.6891810558265,0.850967198407088,133.35345
2,02.png,30,1,20463928,0.9,27,hard_limit,NaN,32.2817658724758,0.857902688582326,133.2067436
2,02.png,30,1,20463928,1,30,hard_limit,NaN,32.213761104342,0.857215182013228,133.5776682
2,02.png,30,1,20463928,1.1,33,hard_limit,NaN,32.0590505150605,0.855535393348022,134.7143887
2,02.png,30,1,20463928,1.2,36,hard_limit,NaN,31.8473891442374,0.853405483773895,134.7378855
2,02.png,30,2,20463929,0.8,24,hard_limit,NaN,31.827081515809,0.85388154682946,135.1968054
2,02.png,30,2,20463929,0.9,27,hard_limit,NaN,32.1628396659346,0.858030214510475,135.8599361
2,02.png,30,2,20463929,1,30,hard_limit,NaN,32.0266647975663,0.856422243959463,135.739241
2,02.png,30,2,20463929,1.1,33,hard_limit,NaN,31.8578436129903,0.854508543465009,134.0905625
2,02.png,30,2,20463929,1.2,36,hard_limit,NaN,31.642606637947,0.852205326713037,134.7182195
2,02.png,30,3,20463930,0.8,24,hard_limit,NaN,31.8488317562199,0.853989813770696,134.7173115
2,02.png,30,3,20463930,0.9,27,hard_limit,NaN,32.2666123376642,0.859242954513989,134.5085963
2,02.png,30,3,20463930,1,30,hard_limit,NaN,32.14113566472,0.857908181078498,134.7298468
2,02.png,30,3,20463930,1.1,33,hard_limit,NaN,31.9610942893988,0.856021994979504,134.6870596
2,02.png,30,3,20463930,1.2,36,hard_limit,NaN,31.7623160714797,0.853888293713665,135.2939719
2,02.png,50,1,20465928,0.8,40,hard_limit,NaN,29.8547181395678,0.821433300635807,338.2549457
2,02.png,50,1,20465928,0.9,45,hard_limit,NaN,29.9481420942494,0.824947110982866,535.1920326
2,02.png,50,1,20465928,1,50,hard_limit,NaN,29.7223191472067,0.822156890625043,537.6113234
2,02.png,50,1,20465928,1.1,55,hard_limit,NaN,29.4155191533794,0.818408035059494,540.8256456
2,02.png,50,1,20465928,1.2,60,hard_limit,NaN,29.1033277697238,0.814074452522547,425.8468799
2,02.png,50,2,20465929,0.8,40,hard_limit,NaN,29.5317409867367,0.814006221987438,366.4946705
2,02.png,50,2,20465929,0.9,45,hard_limit,NaN,29.6972331803228,0.821033640468219,152.7542266
2,02.png,50,2,20465929,1,50,hard_limit,NaN,29.5061813319385,0.818945900894843,152.7874316
2,02.png,50,2,20465929,1.1,55,hard_limit,NaN,29.2586002829992,0.815680827309492,152.7230546
2,02.png,50,2,20465929,1.2,60,hard_limit,NaN,29.0036008096616,0.812152313018398,152.4308386
2,02.png,50,3,20465930,0.8,40,hard_limit,NaN,29.665250559829,0.817446711668127,152.4946603
2,02.png,50,3,20465930,0.9,45,hard_limit,NaN,29.8623990622997,0.822388996004614,152.2441951
2,02.png,50,3,20465930,1,50,hard_limit,NaN,29.6785550888571,0.820181209177885,152.110546
2,02.png,50,3,20465930,1.1,55,hard_limit,NaN,29.4131566330599,0.81654320767188,151.2369168
2,02.png,50,3,20465930,1.2,60,hard_limit,NaN,29.1363286564511,0.812323929656468,148.0993552
3,03.png,10,1,20561928,0.8,8,hard_limit,NaN,32.4415733365385,0.90417049812151,164.481804
3,03.png,10,1,20561928,0.9,9,hard_limit,NaN,34.2779565264313,0.929328522563838,150.8406364
3,03.png,10,1,20561928,1,10,hard_limit,NaN,34.7354824368202,0.931597568670635,124.0736687
3,03.png,10,1,20561928,1.1,11,hard_limit,NaN,34.6531712621072,0.930076975927924,124.3015387
3,03.png,10,1,20561928,1.2,12,hard_limit,NaN,34.3682145120947,0.927419503110045,123.533299
3,03.png,10,2,20561929,0.8,8,hard_limit,NaN,32.5045103441187,0.904257093420833,123.5952953
3,03.png,10,2,20561929,0.9,9,hard_limit,NaN,34.3516940248281,0.930415083072107,123.5073257
3,03.png,10,2,20561929,1,10,hard_limit,NaN,34.6707178882563,0.931911097705354,124.3726085
3,03.png,10,2,20561929,1.1,11,hard_limit,NaN,34.5398059657027,0.930180162284366,124.7406747
3,03.png,10,2,20561929,1.2,12,hard_limit,NaN,34.2823432140324,0.927653479830898,124.5340086
3,03.png,10,3,20561930,0.8,8,hard_limit,NaN,32.354459426702,0.902171047569153,124.2429722
3,03.png,10,3,20561930,0.9,9,hard_limit,NaN,34.2993903430242,0.929315590300566,124.3557632
3,03.png,10,3,20561930,1,10,hard_limit,NaN,34.6738620389071,0.931127351109631,125.2338223
3,03.png,10,3,20561930,1.1,11,hard_limit,NaN,34.5517602048671,0.92947310579198,124.1069659
3,03.png,10,3,20561930,1.2,12,hard_limit,NaN,34.3047071439542,0.927102276706483,123.9998898
3,03.png,30,1,20563928,0.8,24,hard_limit,NaN,28.5368049225764,0.840049431337524,133.85338
3,03.png,30,1,20563928,0.9,27,hard_limit,NaN,29.2542136665772,0.859746216106967,133.3689057
3,03.png,30,1,20563928,1,30,hard_limit,NaN,28.9978961717561,0.855294815184171,134.1532676
3,03.png,30,1,20563928,1.1,33,hard_limit,NaN,28.7138427493665,0.850148664265945,135.2341771
3,03.png,30,1,20563928,1.2,36,hard_limit,NaN,28.4338993759892,0.845182403256683,135.428402
3,03.png,30,2,20563929,0.8,24,hard_limit,NaN,28.3417693534034,0.837213881274442,135.3063449
3,03.png,30,2,20563929,0.9,27,hard_limit,NaN,29.3973031022614,0.861098797422196,136.4511044
3,03.png,30,2,20563929,1,30,hard_limit,NaN,29.159926436017,0.857079358624615,135.1549277
3,03.png,30,2,20563929,1.1,33,hard_limit,NaN,28.884349236613,0.852326362415794,134.5337043
3,03.png,30,2,20563929,1.2,36,hard_limit,NaN,28.6006334897084,0.84734468697785,134.8524725
3,03.png,30,3,20563930,0.8,24,hard_limit,NaN,28.3235109825255,0.83661163653779,135.1529314
3,03.png,30,3,20563930,0.9,27,hard_limit,NaN,29.1757327815059,0.857651736084756,134.7315362
3,03.png,30,3,20563930,1,30,hard_limit,NaN,28.9188299345428,0.853445982165661,135.7264647
3,03.png,30,3,20563930,1.1,33,hard_limit,NaN,28.6362817366216,0.848689370549516,134.8192248
3,03.png,30,3,20563930,1.2,36,hard_limit,NaN,28.3700074462237,0.843720155771318,135.7769265
3,03.png,50,1,20565928,0.8,40,hard_limit,NaN,26.581452060547,0.79226748028145,355.0745196
3,03.png,50,1,20565928,0.9,45,hard_limit,NaN,26.6531618113794,0.805140370400561,534.7945795
3,03.png,50,1,20565928,1,50,hard_limit,NaN,26.4057594566134,0.801287983335847,538.3598163
3,03.png,50,1,20565928,1.1,55,hard_limit,NaN,26.1304981289374,0.795804550808991,541.7234724
3,03.png,50,1,20565928,1.2,60,hard_limit,NaN,25.8824137369587,0.79061031895321,427.0701257
3,03.png,50,2,20565929,0.8,40,hard_limit,NaN,26.528934527017,0.792830110898376,348.6535559
3,03.png,50,2,20565929,0.9,45,hard_limit,NaN,26.6671768858936,0.804685979652606,152.9956921
3,03.png,50,2,20565929,1,50,hard_limit,NaN,26.3911108684189,0.799778833920138,153.1851939
3,03.png,50,2,20565929,1.1,55,hard_limit,NaN,26.1084453040768,0.794224244464847,153.4269588
3,03.png,50,2,20565929,1.2,60,hard_limit,NaN,25.809791120292,0.788145307779031,153.2167745
3,03.png,50,3,20565930,0.8,40,hard_limit,NaN,26.6203199159907,0.79191614737225,153.2197917
3,03.png,50,3,20565930,0.9,45,hard_limit,NaN,26.7412470486445,0.8035918319563,152.7609584
3,03.png,50,3,20565930,1,50,hard_limit,NaN,26.5034029007354,0.799412679645691,152.9036111
3,03.png,50,3,20565930,1.1,55,hard_limit,NaN,26.2363850942781,0.794019913515491,151.3482679
3,03.png,50,3,20565930,1.2,60,hard_limit,NaN,25.968122014614,0.788384971155133,148.1145937
4,04.png,10,1,20661928,0.8,8,hard_limit,NaN,30.6095233826083,0.893971122226633,164.4196189
4,04.png,10,1,20661928,0.9,9,hard_limit,NaN,32.6396225984369,0.929142089070623,149.6323832
4,04.png,10,1,20661928,1,10,hard_limit,NaN,33.1606299032467,0.928874023569391,123.0492329
4,04.png,10,1,20661928,1.1,11,hard_limit,NaN,33.2108922844815,0.924543541504936,122.877145
4,04.png,10,1,20661928,1.2,12,hard_limit,NaN,33.0788465708646,0.919568414662704,122.2241434
4,04.png,10,2,20661929,0.8,8,hard_limit,NaN,30.5727456281115,0.893368713525359,122.5414954
4,04.png,10,2,20661929,0.9,9,hard_limit,NaN,32.5782236137947,0.929844935592394,122.0789294
4,04.png,10,2,20661929,1,10,hard_limit,NaN,33.1319681294782,0.93030906842356,123.10701
4,04.png,10,2,20661929,1.1,11,hard_limit,NaN,33.2191129787784,0.925713488428243,122.9691648
4,04.png,10,2,20661929,1.2,12,hard_limit,NaN,33.1193148274033,0.92089344796677,122.8147527
4,04.png,10,3,20661930,0.8,8,hard_limit,NaN,30.6381213782029,0.894504145446861,122.9561882
4,04.png,10,3,20661930,0.9,9,hard_limit,NaN,32.608134606318,0.930044573574673,122.2703964
4,04.png,10,3,20661930,1,10,hard_limit,NaN,33.1281179819609,0.929733631926941,123.3472503
4,04.png,10,3,20661930,1.1,11,hard_limit,NaN,33.1921895373991,0.925300924164665,121.9849244
4,04.png,10,3,20661930,1.2,12,hard_limit,NaN,33.0713058583568,0.920498985337993,121.5972641
4,04.png,30,1,20663928,0.8,24,hard_limit,NaN,25.7184847430545,0.791727948053225,131.261842
4,04.png,30,1,20663928,0.9,27,hard_limit,NaN,27.6543773703303,0.830174217842037,131.7703331
4,04.png,30,1,20663928,1,30,hard_limit,NaN,27.4886959099851,0.823157626382526,131.8371543
4,04.png,30,1,20663928,1.1,33,hard_limit,NaN,27.1461417557183,0.81292698680297,133.1820683
4,04.png,30,1,20663928,1.2,36,hard_limit,NaN,26.7851151314875,0.802161988229859,133.06849
4,04.png,30,2,20663929,0.8,24,hard_limit,NaN,26.0267951492425,0.796567371944986,133.1329417
4,04.png,30,2,20663929,0.9,27,hard_limit,NaN,27.568837464253,0.827168865187041,133.5516176
4,04.png,30,2,20663929,1,30,hard_limit,NaN,27.3327825179265,0.819306323950705,135.9478344
4,04.png,30,2,20663929,1.1,33,hard_limit,NaN,26.9761118513335,0.808730192737975,132.2678441
4,04.png,30,2,20663929,1.2,36,hard_limit,NaN,26.6270270060895,0.798110675156475,133.771495
4,04.png,30,3,20663930,0.8,24,hard_limit,NaN,25.5057887768812,0.782832931644616,133.710817
4,04.png,30,3,20663930,0.9,27,hard_limit,NaN,27.6576427448674,0.830437480007009,133.6066593
4,04.png,30,3,20663930,1,30,hard_limit,NaN,27.4708164557308,0.822868187620085,132.8392701
4,04.png,30,3,20663930,1.1,33,hard_limit,NaN,27.1029875007759,0.811756738924219,134.1645263
4,04.png,30,3,20663930,1.2,36,hard_limit,NaN,26.7429080084481,0.800906326512965,132.9301433
4,04.png,50,1,20665928,0.8,40,hard_limit,NaN,24.5591108594591,0.736248303263621,217.6342277
4,04.png,50,1,20665928,0.9,45,hard_limit,NaN,24.9506697878539,0.745929924141991,537.066842
4,04.png,50,1,20665928,1,50,hard_limit,NaN,24.5438501095621,0.729143340137447,535.6743869
4,04.png,50,1,20665928,1.1,55,hard_limit,NaN,24.1572717171436,0.713555658257276,541.7151369
4,04.png,50,1,20665928,1.2,60,hard_limit,NaN,23.7975707245517,0.69921658801511,420.4150335
4,04.png,50,2,20665929,0.8,40,hard_limit,NaN,24.3797889005681,0.737071767826051,486.3288754
4,04.png,50,2,20665929,0.9,45,hard_limit,NaN,25.0510706213945,0.752304018095885,149.9541657
4,04.png,50,2,20665929,1,50,hard_limit,NaN,24.660903540542,0.735889624566271,150.7406172
4,04.png,50,2,20665929,1.1,55,hard_limit,NaN,24.2744811960413,0.719885784247712,150.8437967
4,04.png,50,2,20665929,1.2,60,hard_limit,NaN,23.91682289811,0.705776518428899,151.0837268
4,04.png,50,3,20665930,0.8,40,hard_limit,NaN,24.7048575455329,0.740550310183236,151.1789511
4,04.png,50,3,20665930,0.9,45,hard_limit,NaN,24.9352617638279,0.744937654687654,151.0586288
4,04.png,50,3,20665930,1,50,hard_limit,NaN,24.5399157545816,0.728186227609347,151.2417442
4,04.png,50,3,20665930,1.1,55,hard_limit,NaN,24.139073725612,0.711964254229457,150.6671364
4,04.png,50,3,20665930,1.2,60,hard_limit,NaN,23.7599829776419,0.697114882868602,149.6586646
5,05.png,10,1,20761928,0.8,8,hard_limit,NaN,31.78932880111,0.929290312253696,125.6370423
5,05.png,10,1,20761928,0.9,9,hard_limit,NaN,33.4709057586046,0.953297138192505,123.2043596
5,05.png,10,1,20761928,1,10,hard_limit,NaN,34.2445907592614,0.959231441952766,123.282004
5,05.png,10,1,20761928,1.1,11,hard_limit,NaN,34.5095332688735,0.960374266781496,123.7033479
5,05.png,10,1,20761928,1.2,12,hard_limit,NaN,34.4595334026175,0.959808369143797,123.1325272
5,05.png,10,2,20761929,0.8,8,hard_limit,NaN,31.6763305598088,0.927980425348182,123.4753841
5,05.png,10,2,20761929,0.9,9,hard_limit,NaN,33.4225248378073,0.953411201737417,122.9846907
5,05.png,10,2,20761929,1,10,hard_limit,NaN,34.2382585146671,0.959543366230882,123.5874162
5,05.png,10,2,20761929,1.1,11,hard_limit,NaN,34.4951567911724,0.960718531988992,121.8268315
5,05.png,10,2,20761929,1.2,12,hard_limit,NaN,34.439800073328,0.960085949248657,122.7530531
5,05.png,10,3,20761930,0.8,8,hard_limit,NaN,31.8283533064529,0.931376921246861,122.0154258
5,05.png,10,3,20761930,0.9,9,hard_limit,NaN,33.4545874059607,0.95377310254701,123.2273154
5,05.png,10,3,20761930,1,10,hard_limit,NaN,34.2047786576394,0.959086339200513,123.0834661
5,05.png,10,3,20761930,1.1,11,hard_limit,NaN,34.4689653747893,0.960116994442628,123.2928311
5,05.png,10,3,20761930,1.2,12,hard_limit,NaN,34.4081528591734,0.959420695171318,122.8985427
5,05.png,30,1,20763928,0.8,24,hard_limit,NaN,26.6934688576922,0.859904590046717,129.2640207
5,05.png,30,1,20763928,0.9,27,hard_limit,NaN,28.5705971925152,0.894638632661831,131.1477946
5,05.png,30,1,20763928,1,30,hard_limit,NaN,28.4275428275998,0.893020778415528,196.9705153
5,05.png,30,1,20763928,1.1,33,hard_limit,NaN,28.1138703108108,0.88701312132282,162.0314031
5,05.png,30,1,20763928,1.2,36,hard_limit,NaN,27.7997827924391,0.880397806191851,152.3507516
5,05.png,30,2,20763929,0.8,24,hard_limit,NaN,26.4216451199569,0.852320103830069,144.7426656
5,05.png,30,2,20763929,0.9,27,hard_limit,NaN,28.4235503857774,0.891668866566847,164.9882376
5,05.png,30,2,20763929,1,30,hard_limit,NaN,28.3291219876646,0.889613480418958,258.5279565
5,05.png,30,2,20763929,1.1,33,hard_limit,NaN,28.0144902545401,0.883109687981904,168.5780255
5,05.png,30,2,20763929,1.2,36,hard_limit,NaN,27.7011073230665,0.876697920744211,162.2568594
5,05.png,30,3,20763930,0.8,24,hard_limit,NaN,26.5077193810214,0.858618008472243,144.8333894
5,05.png,30,3,20763930,0.9,27,hard_limit,NaN,28.5940342000077,0.895638505365697,161.109135
5,05.png,30,3,20763930,1,30,hard_limit,NaN,28.4477098585008,0.893289037294618,173.4557039
5,05.png,30,3,20763930,1.1,33,hard_limit,NaN,28.140963924318,0.88734073727901,197.3567151
5,05.png,30,3,20763930,1.2,36,hard_limit,NaN,27.8314409701704,0.880820028592923,131.982143
5,05.png,50,1,20765928,0.8,40,hard_limit,NaN,25.2138527880726,0.810502290151108,173.3726666
5,05.png,50,1,20765928,0.9,45,hard_limit,NaN,25.8504937064993,0.831717592250667,158.9321805
5,05.png,50,1,20765928,1,50,hard_limit,NaN,25.5559894555182,0.823875420326197,128.2949173
5,05.png,50,1,20765928,1.1,55,hard_limit,NaN,25.2753108822649,0.816137626141897,143.2507007
5,05.png,50,1,20765928,1.2,60,hard_limit,NaN,25.0010120563639,0.808974420487657,131.2997213
5,05.png,50,2,20765929,0.8,40,hard_limit,NaN,25.2319832145646,0.81256915040172,131.2514419
5,05.png,50,2,20765929,0.9,45,hard_limit,NaN,25.8758897099536,0.830601904413089,129.3956068
5,05.png,50,2,20765929,1,50,hard_limit,NaN,25.611451327999,0.823869864710486,132.2606857
5,05.png,50,2,20765929,1.1,55,hard_limit,NaN,25.3274822702715,0.816194340120818,130.2099206
5,05.png,50,2,20765929,1.2,60,hard_limit,NaN,25.0520115639644,0.809058374582865,151.6780998
5,05.png,50,3,20765930,0.8,40,hard_limit,NaN,25.3178335350712,0.813661938978895,131.528958
5,05.png,50,3,20765930,0.9,45,hard_limit,NaN,25.8868442965881,0.828408655308383,132.1284627
5,05.png,50,3,20765930,1,50,hard_limit,NaN,25.620669811785,0.821597625773626,126.5978374
5,05.png,50,3,20765930,1.1,55,hard_limit,NaN,25.3385770164697,0.814279160760388,128.515913
5,05.png,50,3,20765930,1.2,60,hard_limit,NaN,25.0692186364618,0.807519558502375,128.350649
6,06.png,10,1,20861928,0.8,8,hard_limit,NaN,31.6144722560463,0.912755499501264,124.5420534
6,06.png,10,1,20861928,0.9,9,hard_limit,NaN,32.2825881345499,0.923307947847605,123.8589813
6,06.png,10,1,20861928,1,10,hard_limit,NaN,32.7835982226563,0.927122708370282,124.2212294
6,06.png,10,1,20861928,1.1,11,hard_limit,NaN,33.0820014736433,0.927225489422194,123.9525667
6,06.png,10,1,20861928,1.2,12,hard_limit,NaN,33.1468148591349,0.925378040869509,124.2497306
6,06.png,10,2,20861929,0.8,8,hard_limit,NaN,31.5890165900681,0.911987245854957,123.8747618
6,06.png,10,2,20861929,0.9,9,hard_limit,NaN,32.2621074449991,0.92292779657815,124.643385
6,06.png,10,2,20861929,1,10,hard_limit,NaN,32.770475278484,0.926762595563649,123.3000539
6,06.png,10,2,20861929,1.1,11,hard_limit,NaN,33.0676091512418,0.926994979042623,123.3767762
6,06.png,10,2,20861929,1.2,12,hard_limit,NaN,33.1137616444207,0.925316649627263,123.3712277
6,06.png,10,3,20861930,0.8,8,hard_limit,NaN,31.5808505379839,0.912513942371187,123.2440854
6,06.png,10,3,20861930,0.9,9,hard_limit,NaN,32.2371862209201,0.923050512682869,124.4336612
6,06.png,10,3,20861930,1,10,hard_limit,NaN,32.7393920777233,0.926853891197345,124.0490318
6,06.png,10,3,20861930,1.1,11,hard_limit,NaN,33.030332117974,0.926943451854087,124.2528319
6,06.png,10,3,20861930,1.2,12,hard_limit,NaN,33.0677277323636,0.924602573612548,124.6908319
6,06.png,30,1,20863928,0.8,24,hard_limit,NaN,25.6857996645147,0.818263652954014,132.3092593
6,06.png,30,1,20863928,0.9,27,hard_limit,NaN,27.587764433118,0.844737806766123,132.7185128
6,06.png,30,1,20863928,1,30,hard_limit,NaN,27.3619064804289,0.837262006161917,218.4554598
6,06.png,30,1,20863928,1.1,33,hard_limit,NaN,26.9423288880169,0.82766602227523,150.4180131
6,06.png,30,1,20863928,1.2,36,hard_limit,NaN,26.5579691244553,0.818862324379762,157.2089553
6,06.png,30,2,20863929,0.8,24,hard_limit,NaN,25.4210743630976,0.815787163162555,145.7321487
6,06.png,30,2,20863929,0.9,27,hard_limit,NaN,27.5232304033879,0.846131832060713,173.5988702
6,06.png,30,2,20863929,1,30,hard_limit,NaN,27.3210439943926,0.838318790437267,276.5537577
6,06.png,30,2,20863929,1.1,33,hard_limit,NaN,26.9193639482961,0.829142429194559,168.6964429
6,06.png,30,2,20863929,1.2,36,hard_limit,NaN,26.5321204994705,0.819866624544087,147.5606806
6,06.png,30,3,20863930,0.8,24,hard_limit,NaN,25.5406857222128,0.816018540838287,159.429265
6,06.png,30,3,20863930,0.9,27,hard_limit,NaN,27.500811501285,0.845081045218733,157.8896337
6,06.png,30,3,20863930,1,30,hard_limit,NaN,27.3187160897428,0.838215536757758,215.2160125
6,06.png,30,3,20863930,1.1,33,hard_limit,NaN,26.9064723415315,0.828975020788239,150.4256082
6,06.png,30,3,20863930,1.2,36,hard_limit,NaN,26.5213674947696,0.819991013349679,149.4485782
6,06.png,50,1,20865928,0.8,40,hard_limit,NaN,24.5215394462526,0.767419993994502,185.1667443
6,06.png,50,1,20865928,0.9,45,hard_limit,NaN,25.0894077228577,0.776964630976067,132.8005112
6,06.png,50,1,20865928,1,50,hard_limit,NaN,24.6800473197072,0.764824616965228,150.1068604
6,06.png,50,1,20865928,1.1,55,hard_limit,NaN,24.329824628269,0.754231525455396,146.0620665
6,06.png,50,1,20865928,1.2,60,hard_limit,NaN,24.0087428252577,0.74455300185968,143.9945081
6,06.png,50,2,20865929,0.8,40,hard_limit,NaN,24.5881163630694,0.774285624820865,142.8782291
6,06.png,50,2,20865929,0.9,45,hard_limit,NaN,25.0751998948026,0.779890509901165,144.5954236
6,06.png,50,2,20865929,1,50,hard_limit,NaN,24.6944184740616,0.767806741972109,140.7753114
6,06.png,50,2,20865929,1.1,55,hard_limit,NaN,24.346378945424,0.756833233796511,152.6088812
6,06.png,50,2,20865929,1.2,60,hard_limit,NaN,24.0233478797861,0.747545952774139,139.9761729
6,06.png,50,3,20865930,0.8,40,hard_limit,NaN,24.3104732906121,0.767133100624374,138.3407045
6,06.png,50,3,20865930,0.9,45,hard_limit,NaN,25.0563336758173,0.779053855819537,129.8073564
6,06.png,50,3,20865930,1,50,hard_limit,NaN,24.6608333457249,0.766556965683788,138.9085171
6,06.png,50,3,20865930,1.1,55,hard_limit,NaN,24.2701937825668,0.753899292483063,146.3877218
6,06.png,50,3,20865930,1.2,60,hard_limit,NaN,23.9453336552124,0.743492409125247,143.4730765
7,07.png,10,1,20961928,0.8,8,hard_limit,NaN,31.6784167917923,0.910914512644798,125.3668431
7,07.png,10,1,20961928,0.9,9,hard_limit,NaN,32.6557380155552,0.927475796074397,125.2304305
7,07.png,10,1,20961928,1,10,hard_limit,NaN,33.0639039394923,0.928300383672665,125.2808733
7,07.png,10,1,20961928,1.1,11,hard_limit,NaN,33.2275011901754,0.924108862236902,124.8880992
7,07.png,10,1,20961928,1.2,12,hard_limit,NaN,33.1150902428554,0.917706595588111,125.2964153
7,07.png,10,2,20961929,0.8,8,hard_limit,NaN,31.7046392739743,0.910424955882379,124.734678
7,07.png,10,2,20961929,0.9,9,hard_limit,NaN,32.6797021194893,0.927765558366381,125.5675463
7,07.png,10,2,20961929,1,10,hard_limit,NaN,33.1106996412715,0.92847872071834,124.0007699
7,07.png,10,2,20961929,1.1,11,hard_limit,NaN,33.2207049346337,0.924049893722135,125.0348387
7,07.png,10,2,20961929,1.2,12,hard_limit,NaN,33.0857450697642,0.917886184546435,123.2238326
7,07.png,10,3,20961930,0.8,8,hard_limit,NaN,31.6304545837205,0.909718288121626,124.9310279
7,07.png,10,3,20961930,0.9,9,hard_limit,NaN,32.6160017268955,0.927799289555383,124.4901507
7,07.png,10,3,20961930,1,10,hard_limit,NaN,33.0845812963512,0.929217040734106,125.0915807
7,07.png,10,3,20961930,1.1,11,hard_limit,NaN,33.2757015470895,0.925545841569974,125.0544127
7,07.png,10,3,20961930,1.2,12,hard_limit,NaN,33.1233610480071,0.918527467149896,125.7395983
7,07.png,30,1,20963928,0.8,24,hard_limit,NaN,26.266576583852,0.827405517942381,132.5271546
7,07.png,30,1,20963928,0.9,27,hard_limit,NaN,27.6920436924106,0.8390592341038,136.8428209
7,07.png,30,1,20963928,1,30,hard_limit,NaN,28.0153023890567,0.834148721263004,220.4758661
7,07.png,30,1,20963928,1.1,33,hard_limit,NaN,27.7848275414291,0.826630632069836,155.4888417
7,07.png,30,1,20963928,1.2,36,hard_limit,NaN,27.5116035294444,0.820863340835679,145.9980425
7,07.png,30,2,20963929,0.8,24,hard_limit,NaN,26.1863785649143,0.827683930163003,168.4305182
7,07.png,30,2,20963929,0.9,27,hard_limit,NaN,27.7981487243668,0.842468138424672,157.7326606
7,07.png,30,2,20963929,1,30,hard_limit,NaN,28.0460389903495,0.835849669638278,270.285277
7,07.png,30,2,20963929,1.1,33,hard_limit,NaN,27.7863505691086,0.828007990402707,169.8453803
7,07.png,30,2,20963929,1.2,36,hard_limit,NaN,27.5218135750055,0.822309721266716,147.0433757
7,07.png,30,3,20963930,0.8,24,hard_limit,NaN,26.4723386584839,0.828125857222528,164.7385189
7,07.png,30,3,20963930,0.9,27,hard_limit,NaN,27.8344244345722,0.838975818257238,155.3601553
7,07.png,30,3,20963930,1,30,hard_limit,NaN,27.9331486999645,0.831682203394525,221.9043361
7,07.png,30,3,20963930,1.1,33,hard_limit,NaN,27.6923140429852,0.82486203257227,138.1177456
7,07.png,30,3,20963930,1.2,36,hard_limit,NaN,27.4551389348421,0.81992750311011,169.4509505
7,07.png,50,1,20965928,0.8,40,hard_limit,NaN,24.8400930789875,0.781212575749737,165.6680769
7,07.png,50,1,20965928,0.9,45,hard_limit,NaN,26.0140187410815,0.789140181403138,129.1479793
7,07.png,50,1,20965928,1,50,hard_limit,NaN,25.7979380399586,0.782447745638877,153.1357627
7,07.png,50,1,20965928,1.1,55,hard_limit,NaN,25.5359016584635,0.776996876206702,144.883134
7,07.png,50,1,20965928,1.2,60,hard_limit,NaN,25.2730861520436,0.771961337146712,143.5339299
7,07.png,50,2,20965929,0.8,40,hard_limit,NaN,24.4608506080582,0.776898331556026,143.5329238
7,07.png,50,2,20965929,0.9,45,hard_limit,NaN,25.8989175522331,0.787754131009717,144.0175086
7,07.png,50,2,20965929,1,50,hard_limit,NaN,25.7426433590808,0.781790051617415,142.105224
7,07.png,50,2,20965929,1.1,55,hard_limit,NaN,25.4965347988537,0.776216742489293,152.3080827
7,07.png,50,2,20965929,1.2,60,hard_limit,NaN,25.2664266812429,0.771804125948664,142.1980995
7,07.png,50,3,20965930,0.8,40,hard_limit,NaN,24.7326507925105,0.781192525783571,134.8609812
7,07.png,50,3,20965930,0.9,45,hard_limit,NaN,25.9527730436301,0.789275943908597,132.4506487
7,07.png,50,3,20965930,1,50,hard_limit,NaN,25.7392095655887,0.783086992125235,138.9221561
7,07.png,50,3,20965930,1.1,55,hard_limit,NaN,25.4811642067548,0.777293042775374,152.6260067
7,07.png,50,3,20965930,1.2,60,hard_limit,NaN,25.216605967881,0.772244729497722,132.5287734
8,08.png,10,1,21061928,0.8,8,hard_limit,NaN,33.7239357088657,0.900544589869148,524.7793863
8,08.png,10,1,21061928,0.9,9,hard_limit,NaN,35.3579814804665,0.917210265805585,520.1815272
8,08.png,10,1,21061928,1,10,hard_limit,NaN,35.8559892441517,0.917153333859021,518.7890105
8,08.png,10,1,21061928,1.1,11,hard_limit,NaN,35.8303532733086,0.91432270367956,527.1959997
8,08.png,10,1,21061928,1.2,12,hard_limit,NaN,35.6498659025991,0.911256950558023,667.3999355
8,08.png,10,2,21061929,0.8,8,hard_limit,NaN,33.8827329271751,0.902633919851103,770.6072138
8,08.png,10,2,21061929,0.9,9,hard_limit,NaN,35.4290988721531,0.917201057275997,688.6943863
8,08.png,10,2,21061929,1,10,hard_limit,NaN,35.8879917800207,0.916658865261187,567.8856863
8,08.png,10,2,21061929,1.1,11,hard_limit,NaN,35.8351131791811,0.913532883373828,495.4067356
8,08.png,10,2,21061929,1.2,12,hard_limit,NaN,35.6594355251188,0.910437869462953,506.1195438
8,08.png,10,3,21061930,0.8,8,hard_limit,NaN,33.7082438013191,0.900133490119846,482.428384
8,08.png,10,3,21061930,0.9,9,hard_limit,NaN,35.3604098695265,0.917163203894392,512.8842263
8,08.png,10,3,21061930,1,10,hard_limit,NaN,35.881714193188,0.917034651272186,502.9230258
8,08.png,10,3,21061930,1.1,11,hard_limit,NaN,35.8538629652592,0.914254629743494,481.1547561
8,08.png,10,3,21061930,1.2,12,hard_limit,NaN,35.6738580277327,0.911027343909199,481.4195033
8,08.png,30,1,21063928,0.8,24,hard_limit,NaN,30.4250284255319,0.844524437846762,579.4249923
8,08.png,30,1,21063928,0.9,27,hard_limit,NaN,31.3633547607359,0.851539451802772,532.1926517
8,08.png,30,1,21063928,1,30,hard_limit,NaN,31.1224110755309,0.845933630035612,516.4226005
8,08.png,30,1,21063928,1.1,33,hard_limit,NaN,30.8251382673607,0.839959858792683,1195.9678124
8,08.png,30,1,21063928,1.2,36,hard_limit,NaN,30.5242177172008,0.83448437532279,536.8528433
8,08.png,30,2,21063929,0.8,24,hard_limit,NaN,30.3847409824549,0.845366043149552,480.6444762
8,08.png,30,2,21063929,0.9,27,hard_limit,NaN,31.4204036915393,0.853117652628531,480.1585444
8,08.png,30,2,21063929,1,30,hard_limit,NaN,31.1807056487199,0.847628532586173,480.0083757
8,08.png,30,2,21063929,1.1,33,hard_limit,NaN,30.8771032020249,0.842074829894973,482.6630628
8,08.png,30,2,21063929,1.2,36,hard_limit,NaN,30.5705335043873,0.836729719762031,481.9142882
8,08.png,30,3,21063930,0.8,24,hard_limit,NaN,30.222388787787,0.842389591539079,481.450849
8,08.png,30,3,21063930,0.9,27,hard_limit,NaN,31.3578374659096,0.852510231041456,499.5294144
8,08.png,30,3,21063930,1,30,hard_limit,NaN,31.1145231865545,0.847128279641302,512.1165117
8,08.png,30,3,21063930,1.1,33,hard_limit,NaN,30.8019045565592,0.841200256646979,514.3430957
8,08.png,30,3,21063930,1.2,36,hard_limit,NaN,30.4936018147051,0.835658015753904,674.4586166
8,08.png,50,1,21065928,0.8,40,hard_limit,NaN,28.9241108646056,0.80139989255076,1027.9134449
8,08.png,50,1,21065928,0.9,45,hard_limit,NaN,28.8223305090149,0.797885927206358,540.9067478
8,08.png,50,1,21065928,1,50,hard_limit,NaN,28.4954708740075,0.790831668811641,541.2766806
8,08.png,50,1,21065928,1.1,55,hard_limit,NaN,28.2259441871323,0.785285364256885,640.9287798
8,08.png,50,1,21065928,1.2,60,hard_limit,NaN,28.0236854895422,0.781334669142076,701.0965383
8,08.png,50,2,21065929,0.8,40,hard_limit,NaN,28.8899464699164,0.800333213315424,713.6615259
8,08.png,50,2,21065929,0.9,45,hard_limit,NaN,28.8206882796511,0.797815269021292,720.5553489
8,08.png,50,2,21065929,1,50,hard_limit,NaN,28.5242090334198,0.791110171584271,740.3868263
8,08.png,50,2,21065929,1.1,55,hard_limit,NaN,28.2657410935279,0.785836165666125,726.810606
8,08.png,50,2,21065929,1.2,60,hard_limit,NaN,28.0579585454237,0.781960439418532,705.7903585
8,08.png,50,3,21065930,0.8,40,hard_limit,NaN,28.8772033675349,0.80098682198584,726.6322844
8,08.png,50,3,21065930,0.9,45,hard_limit,NaN,28.7879292957491,0.798048048035758,752.6228945
8,08.png,50,3,21065930,1,50,hard_limit,NaN,28.5028787564551,0.7916347957477,750.6053918
8,08.png,50,3,21065930,1.1,55,hard_limit,NaN,28.2564054500801,0.786440811143049,860.3021531
8,08.png,50,3,21065930,1.2,60,hard_limit,NaN,28.051971980082,0.782460260823903,1049.0227533
9,09.png,10,1,21161928,0.8,8,hard_limit,NaN,32.4182794737572,0.923986508649952,529.9911661
9,09.png,10,1,21161928,0.9,9,hard_limit,NaN,34.533349247681,0.94246254706133,509.8986745
9,09.png,10,1,21161928,1,10,hard_limit,NaN,35.3216206747379,0.944509441409629,480.5134646
9,09.png,10,1,21161928,1.1,11,hard_limit,NaN,35.367233209469,0.943272416326092,459.6442794
9,09.png,10,1,21161928,1.2,12,hard_limit,NaN,35.2057279793044,0.941408177807448,563.5629961
9,09.png,10,2,21161929,0.8,8,hard_limit,NaN,32.4971023842168,0.924947972234012,510.0338326
9,09.png,10,2,21161929,0.9,9,hard_limit,NaN,34.6028675085267,0.942655938974865,498.2769422
9,09.png,10,2,21161929,1,10,hard_limit,NaN,35.3429763128132,0.944668629113941,1178.2264981
9,09.png,10,2,21161929,1.1,11,hard_limit,NaN,35.3708416764049,0.943372129579835,517.2492358
9,09.png,10,2,21161929,1.2,12,hard_limit,NaN,35.1982780424484,0.941467966669224,463.0384583
9,09.png,10,3,21161930,0.8,8,hard_limit,NaN,32.3496371196899,0.922609827637008,463.7983563
9,09.png,10,3,21161930,0.9,9,hard_limit,NaN,34.5628957079766,0.942531141642374,465.0116992
9,09.png,10,3,21161930,1,10,hard_limit,NaN,35.3442837493128,0.944733331549039,468.2096232
9,09.png,10,3,21161930,1.1,11,hard_limit,NaN,35.3750729374432,0.943508018762686,465.2322456
9,09.png,10,3,21161930,1.2,12,hard_limit,NaN,35.2032005212702,0.941459697398353,462.8472891
9,09.png,30,1,21163928,0.8,24,hard_limit,NaN,28.8117241226034,0.866733516591738,495.9055681
9,09.png,30,1,21163928,0.9,27,hard_limit,NaN,30.2545522392718,0.881458120125378,512.7490327
9,09.png,30,1,21163928,1,30,hard_limit,NaN,29.9763015529989,0.872824270181745,512.5174505
9,09.png,30,1,21163928,1.1,33,hard_limit,NaN,29.6229887102969,0.862475980670583,677.0578713
9,09.png,30,1,21163928,1.2,36,hard_limit,NaN,29.2705273919938,0.852717427633238,998.5114001
9,09.png,30,2,21163929,0.8,24,hard_limit,NaN,28.8622645450663,0.867558302664401,520.6863757
9,09.png,30,2,21163929,0.9,27,hard_limit,NaN,30.2436327990507,0.880321556111377,522.3326452
9,09.png,30,2,21163929,1,30,hard_limit,NaN,29.9651591754345,0.871811120822994,584.8777254
9,09.png,30,2,21163929,1.1,33,hard_limit,NaN,29.6021393031097,0.861648026143214,638.2995397
9,09.png,30,2,21163929,1.2,36,hard_limit,NaN,29.2612678402759,0.852570698380889,666.0744541
9,09.png,30,3,21163930,0.8,24,hard_limit,NaN,28.7965567988622,0.865488143968813,660.7064761
9,09.png,30,3,21163930,0.9,27,hard_limit,NaN,30.2426977835102,0.880506355080324,690.1938639
9,09.png,30,3,21163930,1,30,hard_limit,NaN,29.9972495972234,0.873289868230238,684.9502292
9,09.png,30,3,21163930,1.1,33,hard_limit,NaN,29.6572800084591,0.863724252971522,678.1940188
9,09.png,30,3,21163930,1.2,36,hard_limit,NaN,29.319667053758,0.854533996199338,661.6597949
9,09.png,50,1,21165928,0.8,40,hard_limit,NaN,27.2078789553339,0.805959306670736,726.3444825
9,09.png,50,1,21165928,0.9,45,hard_limit,NaN,27.2772913496042,0.797206922023725,758.1973761
9,09.png,50,1,21165928,1,50,hard_limit,NaN,26.9158921820759,0.783572072459507,756.7818412
9,09.png,50,1,21165928,1.1,55,hard_limit,NaN,26.5836094744963,0.773256899605124,897.1753639
9,09.png,50,1,21165928,1.2,60,hard_limit,NaN,26.2804613027453,0.764488415782254,1275.5306863
9,09.png,50,2,21165929,0.8,40,hard_limit,NaN,27.3121606382932,0.805158699008861,973.2779219
9,09.png,50,2,21165929,0.9,45,hard_limit,NaN,27.297109893301,0.794545792864091,863.9934702
9,09.png,50,2,21165929,1,50,hard_limit,NaN,26.932101032156,0.78135207271047,756.2332491
9,09.png,50,2,21165929,1.1,55,hard_limit,NaN,26.6024102831911,0.771348861448094,698.4738988
9,09.png,50,2,21165929,1.2,60,hard_limit,NaN,26.2955484932405,0.762356910623875,628.61885
9,09.png,50,3,21165930,0.8,40,hard_limit,NaN,27.1610132153053,0.804045193460508,654.0694914
9,09.png,50,3,21165930,0.9,45,hard_limit,NaN,27.3109784375868,0.796955974971606,632.3853682
9,09.png,50,3,21165930,1,50,hard_limit,NaN,26.9790624399351,0.784363740795624,609.4713242
9,09.png,50,3,21165930,1.1,55,hard_limit,NaN,26.6647557541293,0.774687885354197,858.8232906
9,09.png,50,3,21165930,1.2,60,hard_limit,NaN,26.3581183325916,0.765714094015503,536.8990959
10,10.png,10,1,21261928,0.8,8,hard_limit,NaN,31.3883926469507,0.857129746811122,532.9947095
10,10.png,10,1,21261928,0.9,9,hard_limit,NaN,33.2669483575163,0.886804268074209,498.8876682
10,10.png,10,1,21261928,1,10,hard_limit,NaN,33.6882002496742,0.884410188302076,499.4962837
10,10.png,10,1,21261928,1.1,11,hard_limit,NaN,33.592735110153,0.878090937113862,540.1656863
10,10.png,10,1,21261928,1.2,12,hard_limit,NaN,33.3477581098185,0.871212966564344,546.6486546
10,10.png,10,2,21261929,0.8,8,hard_limit,NaN,31.3270273117852,0.854551713731156,512.7546021
10,10.png,10,2,21261929,0.9,9,hard_limit,NaN,33.2902154255271,0.887309366263894,1174.5457377
10,10.png,10,2,21261929,1,10,hard_limit,NaN,33.699445012904,0.884935116859474,550.9677214
10,10.png,10,2,21261929,1.1,11,hard_limit,NaN,33.6064270511269,0.878839270607819,468.4226742
10,10.png,10,2,21261929,1.2,12,hard_limit,NaN,33.3593815067345,0.872124771264839,467.2718021
10,10.png,10,3,21261930,0.8,8,hard_limit,NaN,31.4073676745329,0.856433207019929,466.5337984
10,10.png,10,3,21261930,0.9,9,hard_limit,NaN,33.3145789167691,0.886792367618627,470.0399521
10,10.png,10,3,21261930,1,10,hard_limit,NaN,33.6806489091796,0.884127806010193,467.5562412
10,10.png,10,3,21261930,1.1,11,hard_limit,NaN,33.5845954377919,0.878015663574783,467.4863798
10,10.png,10,3,21261930,1.2,12,hard_limit,NaN,33.3381775395192,0.871144567674177,470.8415909
10,10.png,30,1,21263928,0.8,24,hard_limit,NaN,27.9197011280459,0.763086512411126,514.2148114
10,10.png,30,1,21263928,0.9,27,hard_limit,NaN,28.8137049124643,0.767457964304525,515.6412932
10,10.png,30,1,21263928,1,30,hard_limit,NaN,28.5272576052826,0.755308128452744,542.0418453
10,10.png,30,1,21263928,1.1,33,hard_limit,NaN,28.2275385504876,0.745445485128074,1140.9930848
10,10.png,30,1,21263928,1.2,36,hard_limit,NaN,27.9388731282326,0.736987811119392,528.5766949
10,10.png,30,2,21263929,0.8,24,hard_limit,NaN,27.8073893745166,0.758773463687359,531.3097283
10,10.png,30,2,21263929,0.9,27,hard_limit,NaN,28.7806678467998,0.765480029910911,581.2702376
10,10.png,30,2,21263929,1,30,hard_limit,NaN,28.5031153587482,0.753814131509166,643.7872462
10,10.png,30,2,21263929,1.1,33,hard_limit,NaN,28.1969025101015,0.74400920061461,690.7981328
10,10.png,30,2,21263929,1.2,36,hard_limit,NaN,27.9026554268395,0.735748559977057,695.1236466
10,10.png,30,3,21263930,0.8,24,hard_limit,NaN,27.863612285662,0.758679406838921,713.4629117
10,10.png,30,3,21263930,0.9,27,hard_limit,NaN,28.7485564799602,0.764332680142546,717.5160877
10,10.png,30,3,21263930,1,30,hard_limit,NaN,28.4522304798979,0.752364339355097,709.8007211
10,10.png,30,3,21263930,1.1,33,hard_limit,NaN,28.1357180251005,0.742362572664281,692.1761128
10,10.png,30,3,21263930,1.2,36,hard_limit,NaN,27.839829793683,0.734058108636692,708.8607001
10,10.png,50,1,21265928,0.8,40,hard_limit,NaN,26.4052880879609,0.692941000210846,776.1545335
10,10.png,50,1,21265928,0.9,45,hard_limit,NaN,26.4287972716695,0.687565187747154,779.0725963
10,10.png,50,1,21265928,1,50,hard_limit,NaN,26.1194090928718,0.676967664293417,935.0357978
10,10.png,50,1,21265928,1.1,55,hard_limit,NaN,25.8609873842622,0.668841992197296,1334.7931318
10,10.png,50,1,21265928,1.2,60,hard_limit,NaN,25.6401653811672,0.661851202312901,918.5307613
10,10.png,50,2,21265929,0.8,40,hard_limit,NaN,26.4467449998541,0.694153274174171,845.3924356
10,10.png,50,2,21265929,0.9,45,hard_limit,NaN,26.3887187544289,0.686839164008808,747.8953751
10,10.png,50,2,21265929,1,50,hard_limit,NaN,26.0758377137563,0.675978714873969,738.1020035
10,10.png,50,2,21265929,1.1,55,hard_limit,NaN,25.8097946137989,0.667703278591686,624.1377702
10,10.png,50,2,21265929,1.2,60,hard_limit,NaN,25.5962639141348,0.661449223486722,645.9368357
10,10.png,50,3,21265930,0.8,40,hard_limit,NaN,26.3466162745003,0.693166417935493,628.8277905
10,10.png,50,3,21265930,0.9,45,hard_limit,NaN,26.4480468006577,0.688677596163688,757.431292
10,10.png,50,3,21265930,1,50,hard_limit,NaN,26.1730725727777,0.678910941031064,721.9847791
10,10.png,50,3,21265930,1.1,55,hard_limit,NaN,25.9272858469795,0.671239155801526,520.0054443
10,10.png,50,3,21265930,1.2,60,hard_limit,NaN,25.7014458614436,0.664704145111181,451.4510934
11,11.png,10,1,21361928,0.8,8,hard_limit,NaN,31.6754245055652,0.877304779489055,536.266527
11,11.png,10,1,21361928,0.9,9,hard_limit,NaN,33.1519092314235,0.904966006020583,499.2217513
11,11.png,10,1,21361928,1,10,hard_limit,NaN,33.7216543901176,0.906073732260023,500.1753155
11,11.png,10,1,21361928,1.1,11,hard_limit,NaN,33.6993447940838,0.899409266641993,547.9038524
11,11.png,10,1,21361928,1.2,12,hard_limit,NaN,33.3342719776057,0.889316585149529,538.4731169
11,11.png,10,2,21361929,0.8,8,hard_limit,NaN,31.6556631557559,0.876899772299305,512.6959417
11,11.png,10,2,21361929,0.9,9,hard_limit,NaN,33.1287097346455,0.904742816220778,1177.8131842
11,11.png,10,2,21361929,1,10,hard_limit,NaN,33.7175465791099,0.906589433692239,547.7266146
11,11.png,10,2,21361929,1.1,11,hard_limit,NaN,33.7207428817185,0.9002504929437,469.3455767
11,11.png,10,2,21361929,1.2,12,hard_limit,NaN,33.3543405504626,0.890061047593434,469.1817525
11,11.png,10,3,21361930,0.8,8,hard_limit,NaN,31.6401365915533,0.87581484037007,467.2840869
11,11.png,10,3,21361930,0.9,9,hard_limit,NaN,33.1506389998655,0.904056091573312,471.6574242
11,11.png,10,3,21361930,1,10,hard_limit,NaN,33.7230765232705,0.905377849070007,469.4268181
11,11.png,10,3,21361930,1.1,11,hard_limit,NaN,33.7065764491486,0.898933465897177,470.033309
11,11.png,10,3,21361930,1.2,12,hard_limit,NaN,33.3254728632624,0.888616522427698,473.0940143
11,11.png,30,1,21363928,0.8,24,hard_limit,NaN,27.7861323398779,0.763009367360517,515.7018086
11,11.png,30,1,21363928,0.9,27,hard_limit,NaN,28.5609546014368,0.76620681799058,516.3383652
11,11.png,30,1,21363928,1,30,hard_limit,NaN,28.2744491386019,0.753726764578263,544.0582212
11,11.png,30,1,21363928,1.1,33,hard_limit,NaN,28.0010045432312,0.743523624821658,1140.3689686
11,11.png,30,1,21363928,1.2,36,hard_limit,NaN,27.7653823383394,0.73554684661766,528.7499685
11,11.png,30,2,21363929,0.8,24,hard_limit,NaN,27.9335700487181,0.764699144921722,530.4703444
11,11.png,30,2,21363929,0.9,27,hard_limit,NaN,28.5394027001949,0.764827510433172,586.0005307
11,11.png,30,2,21363929,1,30,hard_limit,NaN,28.23861577228,0.752578602452385,646.1803669
11,11.png,30,2,21363929,1.1,33,hard_limit,NaN,27.9769013756512,0.743029626264491,696.207805
11,11.png,30,2,21363929,1.2,36,hard_limit,NaN,27.7462075640685,0.735375552108519,691.9384929
11,11.png,30,3,21363930,0.8,24,hard_limit,NaN,27.8920109987971,0.762018289821433,718.7413445
11,11.png,30,3,21363930,0.9,27,hard_limit,NaN,28.5362891842203,0.764159604515048,715.781401
11,11.png,30,3,21363930,1,30,hard_limit,NaN,28.2534611712037,0.752495760910871,706.3265809
11,11.png,30,3,21363930,1.1,33,hard_limit,NaN,27.9878471859542,0.742918507230471,689.1161833
11,11.png,30,3,21363930,1.2,36,hard_limit,NaN,27.750385965738,0.734992096758504,713.1125031
11,11.png,50,1,21365928,0.8,40,hard_limit,NaN,26.4615722922906,0.692435410842368,769.9563526
11,11.png,50,1,21365928,0.9,45,hard_limit,NaN,26.4731941479115,0.688898800827342,789.7889522
11,11.png,50,1,21365928,1,50,hard_limit,NaN,26.2168296245395,0.678912411708911,934.4607575
11,11.png,50,1,21365928,1.1,55,hard_limit,NaN,25.99692854153,0.671287987419805,1318.8211946
11,11.png,50,1,21365928,1.2,60,hard_limit,NaN,25.8215563553934,0.665639018915975,926.1547522
11,11.png,50,2,21365929,0.8,40,hard_limit,NaN,26.522654472947,0.693506687207072,849.77307
11,11.png,50,2,21365929,0.9,45,hard_limit,NaN,26.4501125585709,0.688103037603445,730.7578635
11,11.png,50,2,21365929,1,50,hard_limit,NaN,26.199170773591,0.678576047274977,749.1707886
11,11.png,50,2,21365929,1.1,55,hard_limit,NaN,25.969664566166,0.670768983678043,614.9466822
11,11.png,50,2,21365929,1.2,60,hard_limit,NaN,25.7774060319908,0.664632042472744,649.7115172
11,11.png,50,3,21365930,0.8,40,hard_limit,NaN,26.5447718678533,0.695974181602829,625.5536502
11,11.png,50,3,21365930,0.9,45,hard_limit,NaN,26.4579650017725,0.68961264789735,776.3956211
11,11.png,50,3,21365930,1,50,hard_limit,NaN,26.2050362234088,0.679996602899576,702.1285823
11,11.png,50,3,21365930,1.1,55,hard_limit,NaN,25.9844257626838,0.672330131890291,515.0046616
11,11.png,50,3,21365930,1.2,60,hard_limit,NaN,25.8003125165049,0.666511864046595,447.7869848
12,12.png,10,1,21461928,0.8,8,hard_limit,NaN,31.6482627489827,0.880518371072539,1197.8324832
12,12.png,10,1,21461928,0.9,9,hard_limit,NaN,33.3297282946325,0.903759025243706,593.408425
12,12.png,10,1,21461928,1,10,hard_limit,NaN,33.7151231401402,0.901272454030682,828.117696
12,12.png,10,1,21461928,1.1,11,hard_limit,NaN,33.6657024018786,0.895847829417644,553.1968456
12,12.png,10,1,21461928,1.2,12,hard_limit,NaN,33.4598525266088,0.89020570492532,639.0020974
12,12.png,10,2,21461929,0.8,8,hard_limit,NaN,31.6420003615312,0.882564312514138,529.2200225
12,12.png,10,2,21461929,0.9,9,hard_limit,NaN,33.2796805058784,0.904010537123709,562.7855521
12,12.png,10,2,21461929,1,10,hard_limit,NaN,33.7029357530313,0.90204799802318,549.3457093
12,12.png,10,2,21461929,1.1,11,hard_limit,NaN,33.6731117224871,0.896630733681037,495.0546428
12,12.png,10,2,21461929,1.2,12,hard_limit,NaN,33.4702827725961,0.890996112791943,707.6421889
12,12.png,10,3,21461930,0.8,8,hard_limit,NaN,31.6798388695203,0.882357265509157,595.8629114
12,12.png,10,3,21461930,0.9,9,hard_limit,NaN,33.3201051539794,0.903694991878998,457.7651391
12,12.png,10,3,21461930,1,10,hard_limit,NaN,33.7031422651793,0.901180885683496,395.5644188
12,12.png,10,3,21461930,1.1,11,hard_limit,NaN,33.6657131438862,0.895916919763527,282.2385994
12,12.png,10,3,21461930,1.2,12,hard_limit,NaN,33.4525511552921,0.890090933614735,213.7015918
12,12.png,30,1,21463928,0.8,24,hard_limit,NaN,27.7391773527946,0.776074767394622,234.6219358
12,12.png,30,1,21463928,0.9,27,hard_limit,NaN,28.6210727582592,0.783272161388608,236.1853069
12,12.png,30,1,21463928,1,30,hard_limit,NaN,28.2948641857915,0.769815818753305,234.5747439
12,12.png,30,1,21463928,1.1,33,hard_limit,NaN,27.9315112335121,0.756539981807662,236.23322
12,12.png,30,1,21463928,1.2,36,hard_limit,NaN,27.5855002176628,0.744610535085563,234.9988201
12,12.png,30,2,21463929,0.8,24,hard_limit,NaN,27.7930197799156,0.779876723249509,236.7792995
12,12.png,30,2,21463929,0.9,27,hard_limit,NaN,28.6615778957557,0.785418292265009,235.8901864
12,12.png,30,2,21463929,1,30,hard_limit,NaN,28.3306910378842,0.771766060432506,234.4525906
12,12.png,30,2,21463929,1.1,33,hard_limit,NaN,27.9562794014596,0.758208767308424,236.1316042
12,12.png,30,2,21463929,1.2,36,hard_limit,NaN,27.6052213988482,0.74600513097758,237.7902856
12,12.png,30,3,21463930,0.8,24,hard_limit,NaN,27.7496103826483,0.776492896988025,236.0070717
12,12.png,30,3,21463930,0.9,27,hard_limit,NaN,28.6620315135191,0.783004859884897,236.9052803
12,12.png,30,3,21463930,1,30,hard_limit,NaN,28.3150998809956,0.769158140516782,235.7968936
12,12.png,30,3,21463930,1.1,33,hard_limit,NaN,27.9389469896504,0.756008928708191,235.7553967
12,12.png,30,3,21463930,1.2,36,hard_limit,NaN,27.5869290027297,0.744094913048872,236.7951653
12,12.png,50,1,21465928,0.8,40,hard_limit,NaN,26.2179162591433,0.699932755321247,255.9294931
12,12.png,50,1,21465928,0.9,45,hard_limit,NaN,25.969519962359,0.683794086911427,256.8297812
12,12.png,50,1,21465928,1,50,hard_limit,NaN,25.572846482052,0.664814074923982,259.2591277
12,12.png,50,1,21465928,1.1,55,hard_limit,NaN,25.270275892758,0.651231823027695,255.0879027
12,12.png,50,1,21465928,1.2,60,hard_limit,NaN,25.0402728865532,0.641873069126274,258.8547522
12,12.png,50,2,21465929,0.8,40,hard_limit,NaN,26.049390072327,0.69701764060987,255.8739204
12,12.png,50,2,21465929,0.9,45,hard_limit,NaN,25.9262892975333,0.68180237018434,257.3315271
12,12.png,50,2,21465929,1,50,hard_limit,NaN,25.543667944034,0.663554751890693,255.3248793
12,12.png,50,2,21465929,1.1,55,hard_limit,NaN,25.2456813695216,0.650326006699922,267.9132513
12,12.png,50,2,21465929,1.2,60,hard_limit,NaN,25.021423313966,0.641262063811714,257.8216304
12,12.png,50,3,21465930,0.8,40,hard_limit,NaN,26.2042362218127,0.700999748370294,259.2053388
12,12.png,50,3,21465930,0.9,45,hard_limit,NaN,25.9787779077248,0.684371956772501,257.0903731
12,12.png,50,3,21465930,1,50,hard_limit,NaN,25.5787629896755,0.665481767881987,256.6026129
12,12.png,50,3,21465930,1.1,55,hard_limit,NaN,25.2652433778171,0.651547255301444,256.8599968
12,12.png,50,3,21465930,1.2,60,hard_limit,NaN,25.0232108187305,0.641492915367829,256.7542968
