sigma_true,method,omega_normalized,N,mean_psnr,mean_ssim,mean_delta_psnr_vs_hard,mean_delta_ssim_vs_hard
10,hard_limit,NaN,12,34.2039626616447,0.923690250160325,0,0
10,smooth,1,12,33.0973643350152,0.908484466992717,-1.10659832662948,-0.0152057831676077
10,smooth,5,12,34.2139388387594,0.922558745607031,0.00997617711476551,-0.00113150455329393
10,smooth,20,12,34.3113425688974,0.925456961169588,0.10737990725275,0.00176671100926277
10,smooth,100,12,34.2371666362766,0.924145101196684,0.0332039746319666,0.000454851036359764
10,smooth,1000,12,34.2040604525012,0.923690338097812,9.77908564910498e-05,8.79374872457076e-08
30,hard_limit,NaN,12,28.9154103328087,0.826726037637393,0,0
30,smooth,1,12,28.1555068916594,0.80637588966098,-0.759903441149357,-0.0203501479764139
30,smooth,5,12,28.9064120050048,0.826553756045142,-0.00899832780395737,-0.000172281592251855
30,smooth,20,12,28.9557418906869,0.82815760410794,0.0403315578781009,0.0014315664705468
30,smooth,100,12,28.915581870324,0.826729328149552,0.000171537515292049,3.2905121585732e-06
30,smooth,1000,12,28.9154103328086,0.826726037637393,-1.9125441970876e-13,-8.32667268468867e-17
50,hard_limit,NaN,12,26.3095395520948,0.757100947192723,0,0
50,smooth,1,12,25.8275032815391,0.742029553452987,-0.482036270555725,-0.0150713937397359
50,smooth,5,12,26.3457350916482,0.758629133607581,0.0361955395534409,0.00152818641485799
50,smooth,20,12,26.3401457043224,0.758175551891656,0.03060615222765,0.00107460469893309
50,smooth,100,12,26.3095071932973,0.757100214319873,-3.23587974913053e-05,-7.32872850739419e-07
50,smooth,1000,12,26.3095395520948,0.757100947192723,0,0
