image_index,image_name,sigma_true,method,omega_normalized,psnr,ssim,time_seconds,mean_rank_stage1,mean_rank_stage2,second_stage_tau
1,01.png,10,hard_limit,NaN,33.6468005068299,0.9344814310787,173.0617721,NaN,NaN,NaN
1,01.png,10,smooth,1,32.8922940736373,0.919570227950578,147.7139669,15.9933390022676,34.2484410430839,5.95887485175186
1,01.png,10,smooth,5,33.9088890315504,0.933071274279301,144.9708558,8.99560657596372,15.7366780045351,5.94681654659233
1,01.png,10,smooth,20,33.7830288114376,0.935052992703242,102.5786051,9.87145691609977,15.1731859410431,5.93353435470363
1,01.png,10,smooth,100,33.6899086988087,0.934625229964248,102.8014884,11.2474489795918,16.703798185941,5.92793371774289
1,01.png,10,smooth,1000,33.6467191751117,0.934479322725827,102.5437383,11.3995181405896,16.9637188208617,5.93165668121853
1,01.png,30,hard_limit,NaN,28.2626064596445,0.823744841340979,128.9427026,NaN,NaN,NaN
1,01.png,30,smooth,1,27.6526871805833,0.799805496335368,110.3585094,2.19364203803164,4.06140223544782,17.3745434848004
1,01.png,30,smooth,5,28.2963891680999,0.824711542653725,112.0441718,2.56684569603716,3.81071273043983,17.2043141211738
1,01.png,30,smooth,20,28.2979994277929,0.824913708125003,111.5642194,2.53374945565394,3.93032370445638,17.1368336944442
1,01.png,30,smooth,100,28.2623782820876,0.823720758464679,113.1307182,2.49920162578023,3.95180722891566,17.1231085371564
1,01.png,30,smooth,1000,28.2626064596432,0.823744841340967,113.1086174,2.49934678472928,3.95746842792858,17.123149027401
1,01.png,50,hard_limit,NaN,25.7553601440129,0.76838154432331,146.6534561,NaN,NaN,NaN
1,01.png,50,smooth,1,25.4345783364811,0.747667559804297,127.7499905,1.49891130788213,1.9171142400929,28.7934135413565
1,01.png,50,smooth,5,25.8252941767506,0.769418394840421,130.2766664,1.69168239221948,2.26941500943533,28.5802428844007
1,01.png,50,smooth,20,25.7851465514547,0.768941578808722,129.6866112,1.64523152852373,2.29278560023225,28.5370007711626
1,01.png,50,smooth,100,25.7553565596192,0.768381505691881,130.0072942,1.62897372623022,2.25838292930759,28.5290662789692
1,01.png,50,smooth,1000,25.7553601440129,0.76838154432331,129.4887646,1.62897372623022,2.25838292930759,28.5290662790473
2,02.png,10,hard_limit,NaN,36.612582520599,0.918992742475089,175.3045727,NaN,NaN,NaN
2,02.png,10,smooth,1,35.2228695569423,0.904041876056731,148.052718,2.58333333333333,13.6279761904762,5.84078788312528
2,02.png,10,smooth,5,36.3065759759292,0.9133730893712,145.8434693,2.61791383219955,3.59396258503401,5.79138045429018
2,02.png,10,smooth,20,36.7314264252684,0.922455580185051,104.1518135,2.99971655328798,4.03188775510204,5.74903963455559
2,02.png,10,smooth,100,36.6470477938929,0.919978629372886,104.3494947,2.83801020408163,4.07128684807256,5.71608810517074
2,02.png,10,smooth,1000,36.6125824861097,0.918992742344972,104.0473262,2.8109410430839,4.00722789115646,5.71348734336467
2,02.png,30,hard_limit,NaN,32.2557423779188,0.858369341721934,129.28852,NaN,NaN,NaN
2,02.png,30,smooth,1,31.1501961876093,0.843316571605355,111.3809412,1.30599506459573,1.47597619393236,17.2828875248168
2,02.png,30,smooth,5,32.1603004989943,0.857417356821056,112.8448401,1.5415880389026,1.79068079547104,17.1688810400313
2,02.png,30,smooth,20,32.2706309509551,0.858656314824413,112.2422198,1.55639425170562,1.94019451299173,17.139568273586
2,02.png,30,smooth,100,32.2561777348909,0.858373161172244,113.9350365,1.53374945565394,1.908549862099,17.1332867191577
2,02.png,30,smooth,1000,32.2557423779188,0.858369341721934,113.7908833,1.53374945565394,1.90840470314995,17.1332866996852
2,02.png,50,hard_limit,NaN,29.5872242245282,0.820305270602188,146.6109298,NaN,NaN,NaN
2,02.png,50,smooth,1,28.7550847571949,0.805739495366461,130.2356853,1.16867469879518,1.22470605312818,28.6649505520201
2,02.png,50,smooth,5,29.5380551437992,0.819093340638889,131.7101173,1.33212367542459,1.50007257947452,28.5911779127141
2,02.png,50,smooth,20,29.6023954505502,0.820457805291184,131.070614,1.30860792567862,1.54303962839309,28.5714328294642
2,02.png,50,smooth,100,29.5872243442574,0.820305278020773,130.8970996,1.30555958774858,1.52983016402961,28.5698374516685
2,02.png,50,smooth,1000,29.5872242245282,0.820305270602188,129.787276,1.30555958774858,1.52983016402961,28.5698374514619
3,03.png,10,hard_limit,NaN,34.6417396325905,0.932007116463223,177.1478167,NaN,NaN,NaN
3,03.png,10,smooth,1,33.0465228168349,0.915347446475117,147.753972,7.82709750566893,31.187074829932,5.98094021917936
3,03.png,10,smooth,5,34.4509986323608,0.929730457177996,145.1213044,5.61692176870748,9.04138321995465,5.92104551823806
3,03.png,10,smooth,20,34.6651223884422,0.932491686590462,102.8335991,6.12740929705215,9.10260770975057,5.8334355886005
3,03.png,10,smooth,100,34.6494884815178,0.932154839958128,103.5933765,6.12145691609977,9.32993197278912,5.79644131829918
3,03.png,10,smooth,1000,34.6417873685401,0.932007515100006,103.2708101,6.09778911564626,9.39980158730159,5.79337245171237
3,03.png,30,hard_limit,NaN,28.9428191277736,0.852867677838082,129.8339217,NaN,NaN,NaN
3,03.png,30,smooth,1,28.1414812309632,0.831998213875202,111.4376356,1.67673102046741,2.21788358252286,17.3614535739555
3,03.png,30,smooth,5,28.9308970861361,0.851617529359513,112.7389733,2.15938452605603,2.88750181448686,17.1774898892642
3,03.png,30,smooth,20,28.9837311891119,0.853569320311284,111.8190131,2.17273914936856,3.22180287414719,17.1043536596164
3,03.png,30,smooth,100,28.9431044072773,0.852869347723832,113.1440421,2.10480476121353,3.13223980258383,17.0842771226527
3,03.png,30,smooth,1000,28.9428191277736,0.852867677838082,114.0178061,2.10480476121353,3.13194948468573,17.084277138838
3,03.png,50,hard_limit,NaN,26.4200446039124,0.799212082697262,146.9324056,NaN,NaN,NaN
3,03.png,50,smooth,1,25.6754053225755,0.780780423730073,129.3447796,1.33386558281318,1.52620119030338,28.6472856002427
3,03.png,50,smooth,5,26.4155987664847,0.798953411769982,130.7692676,1.60197416170707,2.07170852083031,28.4979065563042
3,03.png,50,smooth,20,26.4529261096299,0.799941190113736,130.8628164,1.53912033676876,2.15314269124692,28.4473918335665
3,03.png,50,smooth,100,26.4200448048052,0.799212094216248,130.1210222,1.53012048192771,2.11424009290173,28.4434025405171
3,03.png,50,smooth,1000,26.4200446039124,0.799212082697262,129.6776435,1.53012048192771,2.11424009290173,28.4434025403035
4,04.png,10,hard_limit,NaN,33.1123575110453,0.929493798796181,172.6816218,NaN,NaN,NaN
4,04.png,10,smooth,1,31.891284322789,0.912098768392254,157.4700471,18.9880952380952,54.8088151927438,6.07510367470209
4,04.png,10,smooth,5,33.124138626933,0.929135092637892,149.7811822,10.4563492063492,17.7261904761905,6.0235946945477
4,04.png,10,smooth,20,33.223613315025,0.931599923218356,109.9178739,11.0770975056689,17.0694444444444,5.92791729704505
4,04.png,10,smooth,100,33.1457444267444,0.929929875834439,110.5953469,11.1592970521542,17.9433106575964,5.88874443015752
4,04.png,10,smooth,1000,33.1124299161797,0.929494692626199,104.9712793,11.2087585034014,18.3151927437642,5.88628209444637
4,04.png,30,hard_limit,NaN,27.6825832057048,0.827374220031238,132.9273835,NaN,NaN,NaN
4,04.png,30,smooth,1,26.7061505084061,0.797786513272645,117.5288557,2.60923210915953,4.84801858034548,17.4904034257917
4,04.png,30,smooth,5,27.6407313922863,0.826042501271406,116.8822778,3.46116998112934,5.14269124691537,17.2453454398083
4,04.png,30,smooth,20,27.7108649247141,0.828436851653979,118.2683421,3.44912178835825,5.4764116707795,17.1509140510021
4,04.png,30,smooth,100,27.6822215378769,0.827373133365708,119.5880998,3.37015532007548,5.38728407606329,17.1320281987016
4,04.png,30,smooth,1000,27.6825832057047,0.827374220031238,110.8933396,3.37073595587168,5.38786471185949,17.1321554038596
4,04.png,50,hard_limit,NaN,24.5262789956047,0.730270981007245,151.9979592,NaN,NaN,NaN
4,04.png,50,smooth,1,24.0762848465752,0.71405874323882,134.5353738,1.60269995645232,2.01625780229351,28.7173304995912
4,04.png,50,smooth,5,24.5859097257197,0.733599505052336,133.8736393,2.05878937436493,2.89287269560168,28.465256041861
4,04.png,50,smooth,20,24.5704636101975,0.732370231081613,133.9990936,1.94890404993468,3.00667731165626,28.3904979699288
4,04.png,50,smooth,100,24.5262782628707,0.730270946507904,133.3782929,1.90840470314995,2.91000145158949,28.376293423757
4,04.png,50,smooth,1000,24.5262789956047,0.730270981007245,121.2884746,1.90840470314995,2.91000145158949,28.3762934234024
5,05.png,10,hard_limit,NaN,34.3068898399366,0.959832851693007,122.8769775,NaN,NaN,NaN
5,05.png,10,smooth,1,32.7839412134844,0.941238585595088,97.1565977,15.7358276643991,46.7719671201814,6.0404122809116
5,05.png,10,smooth,5,34.234453542931,0.956133269284662,97.9705379,9.14469954648526,14.8679138321995,5.9919654537779
5,05.png,10,smooth,20,34.3925646558315,0.959867940531048,97.8336289,9.82355442176871,14.7979024943311,5.92691870736929
5,05.png,10,smooth,100,34.3406541381407,0.960011823306762,98.5124508,10.0238095238095,15.7719671201814,5.90431999223016
5,05.png,10,smooth,1000,34.3070203462081,0.959834133630662,98.7241012,10.1218820861678,16.1055839002268,5.90458796875131
5,05.png,30,hard_limit,NaN,28.3509211737114,0.892855461331096,132.2144872,NaN,NaN,NaN
5,05.png,30,smooth,1,27.3765614424343,0.859766417252605,110.6909082,2.37901001596748,4.06851502395123,17.5093635366837
5,05.png,30,smooth,5,28.3118899369626,0.889378539259581,112.4572378,3.13151400783858,4.52910436928437,17.2488552437066
5,05.png,30,smooth,20,28.3875253317206,0.893375691595164,112.5594974,3.10103062853825,4.82058353897518,17.1449955826742
5,05.png,30,smooth,100,28.3509131443918,0.89283350681147,112.2613506,2.99883872840761,4.71882711569168,17.1207329845002
5,05.png,30,smooth,1000,28.3509211737114,0.892855461331095,112.8239478,2.99869356945856,4.72071418202932,17.120703718187
5,05.png,50,hard_limit,NaN,25.5825890717397,0.822477232090237,149.7833139,NaN,NaN,NaN
5,05.png,50,smooth,1,25.0016593379376,0.800017119689972,125.5260246,1.70126288285673,2.10190158223254,28.8030815194154
5,05.png,50,smooth,5,25.5965583997946,0.822228583708125,127.2979495,2.1106111191755,2.84293801712876,28.5550830177698
5,05.png,50,smooth,20,25.6090525282383,0.823167894770664,126.6057752,2.03396719407752,2.94556539410655,28.4955271839443
5,05.png,50,smooth,100,25.5823461727776,0.822474146088873,127.4424002,2.01524168965017,2.8902598345188,28.4886573390481
5,05.png,50,smooth,1000,25.5825890717397,0.822477232090237,128.1047707,2.01524168965017,2.89084047031499,28.4886573383242
6,06.png,10,hard_limit,NaN,32.6479598971816,0.925478830555498,122.8541652,NaN,NaN,NaN
6,06.png,10,smooth,1,32.2282875152866,0.919026802175796,100.2546275,22.4953231292517,36.2223639455782,5.94211805058432
6,06.png,10,smooth,5,33.0734467228443,0.926452237023751,99.7773145,11.8035714285714,19.9916383219955,5.97230669484671
6,06.png,10,smooth,20,32.8031848760963,0.926672391348623,100.1212502,13.3088151927438,19.8047052154195,5.95671206457893
6,06.png,10,smooth,100,32.6878005406177,0.925870776261814,100.1258284,15.266156462585,22.1303854875283,5.94381715404298
6,06.png,10,smooth,1000,32.6482575684631,0.925479527653085,99.5928669,15.3537414965986,22.3721655328798,5.94518771923195
6,06.png,30,hard_limit,NaN,27.3177839222272,0.837780475712897,134.1408174,NaN,NaN,NaN
6,06.png,30,smooth,1,26.9017752862951,0.825364563154971,112.9375694,2.34504282188997,4.9356945855712,17.4403687770162
6,06.png,30,smooth,5,27.4359149955045,0.840087944063299,113.2212168,2.87022789955001,4.40789664682828,17.2228571778178
6,06.png,30,smooth,20,27.3602047149997,0.838995022202242,113.0695781,2.77732617215851,4.41979968065031,17.1177591234109
6,06.png,30,smooth,100,27.3185951566674,0.837810464884169,113.4763757,2.71969806938598,4.34126868921469,17.099925821471
6,06.png,30,smooth,1000,27.3177839222272,0.837780475712898,112.4404529,2.72013354623313,4.3403977355204,17.1000336720459
6,06.png,50,hard_limit,NaN,24.7252666617899,0.768211918550188,150.5347418,NaN,NaN,NaN
6,06.png,50,smooth,1,24.4818846393702,0.758900592002577,128.202587,1.51937871969807,1.9442589635651,28.7074051910064
6,06.png,50,smooth,5,24.7952577188144,0.770275400480465,128.5181058,1.79474524604442,2.46668602119321,28.4513516943607
6,06.png,50,smooth,20,24.7568636495742,0.769252827702124,127.5125125,1.7241979968065,2.52141094498476,28.3863301668472
6,06.png,50,smooth,100,24.7252655955284,0.768211881886425,129.5075199,1.70271447234722,2.47162142546088,28.3767597511163
6,06.png,50,smooth,1000,24.7252666617899,0.768211918550188,126.8318327,1.70271447234722,2.47162142546088,28.3767597563741
7,07.png,10,hard_limit,NaN,33.0998769869238,0.929188453303039,122.8028496,NaN,NaN,NaN
7,07.png,10,smooth,1,32.6990156921772,0.920234051028385,99.5520151,19.1806972789116,36.6143707482993,5.9745327626146
7,07.png,10,smooth,5,33.4743454943849,0.932566132265546,99.5364628,11.4366496598639,18.8666383219955,5.96310161371808
7,07.png,10,smooth,20,33.3040127942536,0.932312249716378,99.1894352,12.610119047619,18.7056405895692,5.91031411266444
7,07.png,10,smooth,100,33.1439040232982,0.929850524626123,99.7845863,14.2776360544218,20.9868197278912,5.88783872997618
7,07.png,10,smooth,1000,33.0998489071767,0.929186124116,99.5300688,14.4073129251701,21.1466836734694,5.89001437004231
7,07.png,30,hard_limit,NaN,27.9930290322115,0.832402145125627,132.9534993,NaN,NaN,NaN
7,07.png,30,smooth,1,27.5659344301163,0.821499960040842,112.5360389,2.64203803164465,5.64363478008419,17.4174339024946
7,07.png,30,smooth,5,28.0594517059649,0.83497279393055,113.4668919,3.03585426041515,4.61910291769488,17.2485876984357
7,07.png,30,smooth,20,28.0256365922214,0.834000199457651,112.617349,2.9079692263028,4.52736246189578,17.153654086375
7,07.png,30,smooth,100,27.9904284257575,0.832362041959847,113.3842948,2.84801858034548,4.49441138046161,17.1378418166561
7,07.png,30,smooth,1000,27.9930290322106,0.832402145125638,112.5928715,2.85135723617361,4.52692698504863,17.1385519687873
7,07.png,50,hard_limit,NaN,25.8220285161395,0.780979199709683,149.8829712,NaN,NaN,NaN
7,07.png,50,smooth,1,25.5167469425542,0.77188084513785,127.8568168,1.75337494556539,2.33807519233561,28.7754632496699
7,07.png,50,smooth,5,25.8643548444572,0.782315220596043,128.1546532,1.98040354187836,2.69661779648715,28.53448277359
7,07.png,50,smooth,20,25.8400472316658,0.781632642391773,127.2159216,1.91900130643054,2.72216577151981,28.4825246359592
7,07.png,50,smooth,100,25.8220402979346,0.780979483810788,129.0789294,1.8988242125127,2.68616635215561,28.4748212658849
7,07.png,50,smooth,1000,25.8220285161395,0.780979199709683,127.2561259,1.8988242125127,2.68602119320656,28.4748212579907
8,08.png,10,hard_limit,NaN,35.9150641066738,0.917523776508225,575.7665446,NaN,NaN,NaN
8,08.png,10,smooth,1,34.870118509069,0.907183456697569,443.9599088,5.61216343965547,18.8762648366654,5.86496065408654
8,08.png,10,smooth,5,35.8182683309526,0.917095334865553,445.7885445,3.7687055775358,6.55113616470012,5.81876448937801
8,08.png,10,smooth,20,35.9855315352589,0.919031309015542,468.2103294,4.04775743146248,6.19918770351178,5.74890481511451
8,08.png,10,smooth,100,35.9458573432191,0.917924274104409,407.2722302,3.9022443191765,6.38202443892021,5.71709989555439
8,08.png,10,smooth,1000,35.9153371083405,0.917524731381442,414.8063181,3.91131262910962,6.50369384825461,5.71592984125063
8,08.png,30,hard_limit,NaN,31.1609407189701,0.846706274480329,633.6777855,NaN,NaN,NaN
8,08.png,30,smooth,1,30.422668805547,0.835157735094939,501.6787785,1.28416371975771,1.63233080074227,17.2587469058831
8,08.png,30,smooth,5,31.1101742882269,0.846097096402892,500.5697218,1.57729071110955,1.94345436084171,17.1586200451831
8,08.png,30,smooth,20,31.192265584793,0.847479958076225,481.1147541,1.58803963446658,2.1144567767235,17.1202825628274
8,08.png,30,smooth,100,31.1620566696883,0.846723061747396,441.3716304,1.55110115192045,2.07485732292287,17.1108628792301
8,08.png,30,smooth,1000,31.1609407189701,0.846706274480329,504.9953881,1.55110115192045,2.07366688841427,17.110862925262
8,08.png,50,hard_limit,NaN,28.5146822892427,0.790996078445547,687.6802358,NaN,NaN,NaN
8,08.png,50,smooth,1,28.0763789978113,0.782387493535064,561.5133802,1.10675311791383,1.15355725623583,28.6184094416751
8,08.png,50,smooth,5,28.5690933337798,0.79258156217598,560.8096219,1.25138180272109,1.41900510204082,28.5705192609684
8,08.png,50,smooth,20,28.5489911474755,0.791867129056061,514.3596214,1.21021116780045,1.45585317460317,28.5414673857169
8,08.png,50,smooth,100,28.5146819641614,0.790996071672015,538.0804252,1.20542800453515,1.43342545351474,28.5392705180815
8,08.png,50,smooth,1000,28.5146822892427,0.790996078445547,571.6449503,1.20542800453515,1.43342545351474,28.5392705182032
9,09.png,10,hard_limit,NaN,35.2941603000918,0.944449718237482,533.5613709,NaN,NaN,NaN
9,09.png,10,smooth,1,33.7346651723206,0.928431352610336,426.4340119,7.81807359686286,34.8702776513427,5.98958558822405
9,09.png,10,smooth,5,35.0459741364207,0.941759883579007,423.4336895,5.70869367319071,9.64059381674311,5.91038463699478
9,09.png,10,smooth,20,35.3198300474747,0.944797918257499,438.4280697,6.20566506774973,9.51318231154371,5.82606620415453
9,09.png,10,smooth,100,35.3199917327044,0.944634429271354,437.4437875,6.03823395539372,9.67991316830643,5.79139409928003
9,09.png,10,smooth,1000,35.2942147755065,0.944449714413228,439.2120843,6.03630825251217,9.8061692517769,5.79003733045245
9,09.png,30,hard_limit,NaN,29.9775534085298,0.872949143311727,582.7347103,NaN,NaN,NaN
9,09.png,30,smooth,1,28.8345287002443,0.843561331185848,485.5066942,1.64497041420118,2.22296138090403,17.3829870596929
9,09.png,30,smooth,5,29.8964683744305,0.870764697022154,471.9956561,2.23343020202374,2.90466020097336,17.2027844696392
9,09.png,30,smooth,20,30.0173106903364,0.874275590184324,479.7158314,2.26056510626379,3.21683414446273,17.1381773660173
9,09.png,30,smooth,100,29.9775505528187,0.872945028569335,485.4364216,2.19582647666398,3.13259339658976,17.123056242801
9,09.png,30,smooth,1000,29.9775534085298,0.872949143311727,486.8711998,2.19579146388432,3.13220825601344,17.1230510469404
9,09.png,50,hard_limit,NaN,26.9377624708183,0.782665620460838,646.9725782,NaN,NaN,NaN
9,09.png,50,smooth,1,26.2694353054069,0.763485366193592,549.2829989,1.27370323129252,1.39590419501134,28.6429623781501
9,09.png,50,smooth,5,26.9756354408947,0.785866607740483,543.718411,1.58733701814059,1.92442602040816,28.5286046486495
9,09.png,50,smooth,20,26.9795546293699,0.784696519697953,533.3367679,1.5234552154195,2.000035430839,28.4829950334328
9,09.png,50,smooth,100,26.9377624639086,0.782665611364908,547.2903552,1.51066468253968,1.95167233560091,28.4780785297991
9,09.png,50,smooth,1000,26.9377624708183,0.782665620460838,545.1426172,1.51066468253968,1.95167233560091,28.4780785295773
10,10.png,10,hard_limit,NaN,33.7429934847465,0.885665059643024,532.2171358,NaN,NaN,NaN
10,10.png,10,smooth,1,32.6166413896519,0.869059851665333,430.7752769,9.15353103882917,34.9376772521971,5.95516927250455
10,10.png,10,smooth,5,33.6876295147602,0.886298746864448,426.3276007,5.98623997759182,10.8414271208991,5.89553998279032
10,10.png,10,smooth,20,33.8413282306438,0.888682652702558,437.9640765,6.37687756030951,10.2644165120269,5.79743420598798
10,10.png,10,smooth,100,33.7716568270525,0.886224330252684,438.2458025,6.28132768460488,10.6398585483702,5.75347617857711
10,10.png,10,smooth,1000,33.7430564783871,0.885665298429751,440.0316906,6.32106718952418,10.8687370890375,5.75201543086822
10,10.png,30,hard_limit,NaN,28.4638312593539,0.752425798713887,584.0575583,NaN,NaN,NaN
10,10.png,30,smooth,1,27.776167488246,0.733727791275901,493.8805158,1.4855222156087,2.09936626868807,17.2503942792376
10,10.png,30,smooth,5,28.4429440776102,0.752832655715218,474.7304021,1.85900353629075,2.45789713245335,17.1219019338105
10,10.png,30,smooth,20,28.5240556520194,0.755380624588511,487.4327268,1.84758937012009,2.67613178810266,17.0621138365324
10,10.png,30,smooth,100,28.4643139173458,0.752455284394364,492.5917345,1.79037848814817,2.5855537271104,17.0459023533586
10,10.png,30,smooth,1000,28.4638312593539,0.752425798713887,487.3980691,1.7905535520465,2.58502853541543,17.0459475676078
10,10.png,50,hard_limit,NaN,26.0479928548927,0.674357574638893,649.273565,NaN,NaN,NaN
10,10.png,50,smooth,1,25.675681427541,0.663862584389073,557.3284009,1.18675595238095,1.29946145124717,28.5707463416494
10,10.png,50,smooth,5,26.07596663308,0.675817851857335,542.6748036,1.35544217687075,1.62666524943311,28.4642186044421
10,10.png,50,smooth,20,26.0739209630039,0.675331330184476,538.3481597,1.31508645124717,1.6703869047619,28.4303294014149
10,10.png,50,smooth,100,26.0479343224227,0.674355657917396,550.1336412,1.30729166666667,1.64282171201814,28.4266626201036
10,10.png,50,smooth,1000,26.0479928548927,0.674357574638893,536.5142946,1.30729166666667,1.64285714285714,28.4266626202075
11,11.png,10,hard_limit,NaN,33.7135389952913,0.905820554882405,534.4174706,NaN,NaN,NaN
11,11.png,10,smooth,1,32.630056437327,0.883018799368365,431.4737413,10.6908371555618,35.3099331255908,5.97775416679749
11,11.png,10,smooth,5,33.716344804532,0.902719361425008,426.5775913,6.85238612093414,12.7292461748538,5.92383787368066
11,11.png,10,smooth,20,33.8526682001678,0.907667242748576,440.1310935,7.36546339413886,12.4481985924863,5.84211404803135
11,11.png,10,smooth,100,33.754921204929,0.906318681188736,438.933448,7.65799516823641,13.9275935716537,5.81051721356352
11,11.png,10,smooth,1000,33.7137450894496,0.905821065302633,439.138684,7.74829312699135,14.3312909211862,5.81157638207746
11,11.png,30,hard_limit,NaN,28.1902740796386,0.750615168272558,585.0108598,NaN,NaN,NaN
11,11.png,30,smooth,1,27.7366113304917,0.736997606873351,491.5807554,1.38472042295438,1.89867301565071,17.2161745981958
11,11.png,30,smooth,5,28.2362939790344,0.752941246861675,473.1275943,1.76082770211127,2.30975806169252,17.0928763728366
11,11.png,30,smooth,20,28.2595460311923,0.753689206509856,485.3902829,1.75098911102552,2.54682959280137,17.0264858572893
11,11.png,30,smooth,100,28.1913653583359,0.750644007102339,490.0101378,1.68460488078149,2.44504744231645,17.0071089632351
11,11.png,30,smooth,1000,28.1902740796386,0.750615168272558,488.6211842,1.68467490634081,2.44424214838416,17.007136457571
11,11.png,50,hard_limit,NaN,26.2122779290111,0.680867066997948,648.2636608,NaN,NaN,NaN
11,11.png,50,smooth,1,25.826310561739,0.668052082999248,556.4010718,1.12684240362812,1.20794359410431,28.5130034179745
11,11.png,50,smooth,5,26.2417699637769,0.682354016275783,543.4128847,1.29322562358277,1.54698129251701,28.448383990137
11,11.png,50,smooth,20,26.2367893274077,0.681873566251888,537.6654006,1.234375,1.59325396825397,28.4095143130254
11,11.png,50,smooth,100,26.2122775067703,0.680867058891817,549.2524835,1.22750141723356,1.56306689342404,28.4062539330874
11,11.png,50,smooth,1000,26.2122779290111,0.680867066997948,540.1345748,1.22750141723356,1.56306689342404,28.4062539329681
12,12.png,10,hard_limit,NaN,33.7135881578259,0.901348668288023,601.408609,NaN,NaN,NaN
12,12.png,10,smooth,1,32.5526753206621,0.882562385897052,473.2130961,10.0692202653969,33.351878435629,5.96994717213304
12,12.png,10,smooth,5,33.7262012515141,0.902370068510005,471.2868787,6.38594587024264,11.006057210882,5.92220561842224
12,12.png,10,smooth,20,33.8337995468692,0.904851647017714,401.1388573,6.93771226497672,10.7976611463184,5.82154152279913
12,12.png,10,smooth,100,33.7490244243942,0.90221780021863,198.7223067,6.99838941213543,11.3701200938342,5.77594609180338
12,12.png,10,smooth,1000,33.7137262105411,0.901349189449938,198.2715498,7.01673610867967,11.5079654073737,5.77350881318826
12,12.png,30,hard_limit,NaN,28.3868392280208,0.772621903768366,262.3324178,NaN,NaN,NaN
12,12.png,30,smooth,1,27.6013201089761,0.747528475964726,223.0780204,1.50793039459403,2.18171632645916,17.2886804787315
12,12.png,30,smooth,5,28.3554885568069,0.771781169180629,223.9235152,1.9988095654914,2.69475858688421,17.1204957200421
12,12.png,30,smooth,20,28.4391315983854,0.77511876176663,223.27775,2.01432022688281,2.97804698715031,17.0544087611636
12,12.png,30,smooth,100,28.3878772567504,0.77264214159924,225.3972156,1.94898638002871,2.89762263226077,17.0359398671187
12,12.png,30,smooth,1000,28.3868392280208,0.772621903768366,225.8500342,1.94905640558804,2.89604705717587,17.0359710701316
12,12.png,50,hard_limit,NaN,25.5829668634453,0.66648679678934,283.6536321,NaN,NaN,NaN
12,12.png,50,smooth,1,25.1405889032818,0.647522335348821,246.0243876,1.16188350340136,1.27115221088435,28.4902506533904
12,12.png,50,smooth,5,25.6653269524269,0.671045708155133,247.2368579,1.36947278911565,1.67853599773243,28.4183216436425
12,12.png,50,smooth,20,25.6255972533016,0.668573907349682,242.8652746,1.29120606575964,1.72115929705215,28.3634600845239
12,12.png,50,smooth,100,25.5828740245114,0.666482835769442,243.5748647,1.28036422902494,1.67463860544218,28.358401068825
12,12.png,50,smooth,1000,25.5829668634453,0.66648679678934,242.9374699,1.28036422902494,1.67470946712018,28.3584010693221
